feature,selected_count,selection_frequency,variance_dropped_count,variance_dropped_fraction,correlation_dropped_count,correlation_dropped_fraction,total_dropped_count,total_dropped_fraction,shap_class0_all_folds,shap_class0_selected_only,shap_class1_all_folds,shap_class1_selected_only,shap_balanced_all_folds,shap_balanced_selected_only,permutation_f1_all_folds,permutation_f1_selected_only,permutation_balanced_acc_all_folds,permutation_balanced_acc_selected_only,permutation_pr_auc_all_folds,permutation_pr_auc_selected_only
ADAS13,23,0.92,0,0.0,2,0.08,2,0.08,0.06607490375000405,0.07182054755435222,0.09018849682603346,0.09803097481090593,0.07813170028801875,0.08492576118262907,0.0376250839191636,0.040896830346916956,0.04153052163642486,0.045141871343940064,0.05242673213712746,0.056985578409921155
FAQ,25,1.0,0,0.0,0,0.0,0,0.0,0.06668900927405831,0.06668900927405831,0.08405447297378812,0.08405447297378812,0.07537174112392322,0.07537174112392322,0.030643475664236672,0.030643475664236672,0.034085249059074,0.034085249059074,0.04460115019355116,0.04460115019355116
CDRSB,25,1.0,0,0.0,0,0.0,0,0.0,0.041907002618405034,0.041907002618405034,0.05738815335216789,0.05738815335216789,0.04964757798528646,0.04964757798528646,0.015815108518233815,0.015815108518233815,0.018249663894389527,0.018249663894389527,0.02049965060283125,0.02049965060283125
APOE4,25,1.0,0,0.0,0,0.0,0,0.0,0.02910077995055825,0.02910077995055825,0.03980603186576916,0.03980603186576916,0.0344534059081637,0.0344534059081637,0.01120491713581591,0.01120491713581591,0.011279677748124682,0.011279677748124682,0.017094928128479635,0.017094928128479635
MMSE,25,1.0,0,0.0,0,0.0,0,0.0,0.027511970748334544,0.027511970748334544,0.03488981874969172,0.03488981874969172,0.031200894749013133,0.031200894749013133,0.005216919333252183,0.005216919333252183,0.006409783635938862,0.006409783635938862,0.01045994167495122,0.01045994167495122
ADAS11,25,1.0,0,0.0,0,0.0,0,0.0,0.016961547861041162,0.016961547861041162,0.02061791790824517,0.02061791790824517,0.018789732884643168,0.018789732884643168,0.004271321700142688,0.004271321700142688,0.0048439684225714714,0.0048439684225714714,0.0050626425750188485,0.0050626425750188485
SV - LeftInferiorLateralVentricle,23,0.92,0,0.0,0,0.0,0,0.0,0.013113630081798076,0.014253945741084864,0.016145094246595187,0.017549015485429552,0.014629362164196632,0.015901480613257208,0.002899366982648495,0.003151485850704886,0.003229839891014945,0.0035106955337118966,0.005927190673470227,0.006442598558119812
SV - LeftHippocampus,25,1.0,0,0.0,0,0.0,0,0.0,0.010205457636500713,0.010205457636500713,0.012056542772491524,0.012056542772491524,0.011131000204496118,0.011131000204496118,1.3440481345563665e-05,1.3440481345563665e-05,0.0005369474798031011,0.0005369474798031011,0.00023250604287919152,0.00023250604287919152
CT - LeftInferiorParietal,24,0.96,0,0.0,0,0.0,0,0.0,0.006412135775121258,0.006679308099084644,0.008926714498924689,0.009298660936379885,0.007669425137022973,0.007988984517732264,-0.001141044123220085,-0.0011885876283542554,-0.0011973040033835469,-0.0012471916701911946,0.00037807940562086364,0.0003938327141883996
CV - RightInferiorParietal,14,0.56,0,0.0,0,0.0,0,0.0,0.0037649722828717457,0.006723164790842403,0.006443721470560401,0.011506645483143573,0.005104346876716073,0.009114905136992988,-0.0002760999246873024,-0.0004930355797987542,-0.00042732408814979056,-0.0007630787288389117,0.0003573415904348058,0.0006381099829192961
PTEDUCAT,16,0.64,0,0.0,0,0.0,0,0.0,0.0032433750270119944,0.005067773479706241,0.0046610545771211456,0.00728289777675179,0.00395221480206657,0.006175335628229015,0.0007019975115524834,0.0010968711118007554,0.000604589846218538,0.0009446716347164657,0.001325873915222413,0.0020716779925350204
SV - LeftAmygdala,21,0.84,0,0.0,0,0.0,0,0.0,0.0033366173654676558,0.003972163530318638,0.0031287525475325786,0.00372470541372926,0.0032326849565001174,0.003848434472023949,-0.0003068934542153321,-0.0003653493502563477,-3.470236191500123e-05,-4.13123356130967e-05,-3.4133897298869335e-05,-4.063559202246349e-05
CT - LeftBankssts,21,0.84,0,0.0,0,0.0,0,0.0,0.00283970727871508,0.0033806039032322384,0.0036014861869484664,0.004287483555891032,0.003220596732831773,0.003834043729561635,-0.0002371171542440778,-0.000282282326481045,4.406114829341029e-06,5.245374796834558e-06,-0.0005024208671167113,-0.0005981200799008467
SV - RightHippocampus,25,1.0,0,0.0,0,0.0,0,0.0,0.002667781589133869,0.002667781589133869,0.0034072682357729205,0.0034072682357729205,0.0030375249124533947,0.0030375249124533947,-0.0006249788766995413,-0.0006249788766995413,-0.00047466486416766334,-0.00047466486416766334,-0.0006631115545052808,-0.0006631115545052808
CT - LeftMiddleTemporal,22,0.88,0,0.0,0,0.0,0,0.0,0.0021005674577437754,0.0023870084747088355,0.003130649035681768,0.003557555722365645,0.002615608246712772,0.0029722820985372406,-0.0008258530519055028,-0.0009384693771653441,-0.0007266621822470657,-0.0008257524798262111,-0.0011319040370508398,-0.0012862545875577725
SV - RightInferiorLateralVentricle,15,0.6,0,0.0,0,0.0,0,0.0,0.002475201586173345,0.004125335976955575,0.0023306991985588676,0.0038844986642647796,0.0024029503923661062,0.0040049173206101775,5.907780084552696e-05,9.84630014092116e-05,0.00016134840255452616,0.00026891400425754357,-0.00045671661161470443,-0.0007611943526911741
CV - LeftBankssts,9,0.36,0,0.0,0,0.0,0,0.0,0.0020448389687634256,0.005680108246565071,0.002695546509633669,0.007487629193426858,0.002370192739198547,0.006583868719995964,6.9664763308125e-05,0.00019351323141145833,-3.219615498260498e-05,-8.943376384056939e-05,5.3870200094813925e-05,0.00014963944470781646
CT - LeftInferiorTemporal,22,0.88,0,0.0,0,0.0,0,0.0,0.0018094076273625689,0.002056145031093828,0.0029137435691863637,0.0033110722377117773,0.0023615755982744663,0.0026836086344028025,-0.000721512766922434,-0.0008199008715027659,-0.0007548739928436305,-0.0008578113555041257,-0.001274478241665953,-0.0014482707291658557
CT - RightInferiorParietal,24,0.96,0,0.0,0,0.0,0,0.0,0.001173726415574529,0.0012226316828901343,0.00336033817883781,0.0035003522696227187,0.0022670322972061694,0.0023614919762564267,-0.00043162519978684114,-0.0004496095831112929,-0.0006541914058311393,-0.0006814493810741035,0.0008010970467107306,0.0008344760903236777
CV - LeftMiddleTemporal,17,0.68,0,0.0,0,0.0,0,0.0,0.002059733574981318,0.0030290199632078203,0.002416812417140316,0.0035541359075592885,0.002238272996060817,0.0032915779353835544,-9.0041088367631e-05,-0.00013241336524651617,0.00019299662856993332,0.00028381857142637255,-0.0004070460140488903,-0.0005985970794836622
CT - RightEntorhinal,22,0.88,0,0.0,0,0.0,0,0.0,0.0021329145190383285,0.002423766498907191,0.00218738119121721,0.0024856604445650113,0.0021601478551277692,0.0024547134717361014,0.0005342596197570724,0.0006071132042694005,0.0005648944180470986,0.000641925475053521,-0.0006996864642696116,-0.0007950982548518313
SV - RightAmygdala,20,0.8,0,0.0,0,0.0,0,0.0,0.0022307326344210925,0.0027884157930263653,0.002057216097898452,0.002571520122373065,0.0021439743661597725,0.0026799679576997152,0.00017931429864882114,0.0002241428733110264,0.00043509394103514093,0.0005438674262939261,-0.0004493325786219311,-0.0005616657232774139
CT - LeftFusiform,19,0.76,0,0.0,0,0.0,0,0.0,0.0013631878655887485,0.0017936682441957218,0.0021968444623505384,0.0028905848188822874,0.0017800161639696436,0.0023421265315390046,-0.0002371769345426371,-0.0003120749138718909,-0.00018672620111308199,-0.0002456923698856342,-6.9388612510706475e-06,-9.13008059351401e-06
CV - LeftInferiorParietal,14,0.56,0,0.0,0,0.0,0,0.0,0.0006561983248515392,0.0011717827229491772,0.0016303883079847432,0.0029114076928298985,0.0011432933164181411,0.002041595207889538,-0.0007750637924679346,-0.0013840424865498833,-0.0007185774822607398,-0.0012831740754656068,0.0009343239437853096,0.0016684356139023385
CT - RightPrecuneus,19,0.76,0,0.0,0,0.0,0,0.0,0.0011960359617234934,0.001573731528583544,0.0005562626882127856,0.0007319245897536652,0.0008761493249681395,0.0011528280591686045,-0.0005682873793228494,-0.0007477465517405913,-0.0005640511278484913,-0.0007421725366427518,-0.0008067240524071488,-0.001061479016325196
CT - RightFusiform,25,1.0,0,0.0,0,0.0,0,0.0,0.0007091835682751621,0.0007091835682751621,0.0009768557792387202,0.0009768557792387202,0.0008430196737569412,0.0008430196737569412,-0.0007389481643317281,-0.0007389481643317281,-0.0006038176950904451,-0.0006038176950904451,-0.0001490060925737381,-0.0001490060925737381
CTS - LeftBankssts,9,0.36,0,0.0,0,0.0,0,0.0,0.0008914267264558753,0.0024761853512663204,0.0005378209939881565,0.0014939472055226569,0.000714623860222016,0.0019850662783944886,6.658376805093493e-05,0.00018495491125259704,0.000151498707024764,0.00042082974173545556,-0.0005670051506674924,-0.0015750143074097008
CTS - RightSupramarginal,13,0.52,0,0.0,0,0.0,0,0.0,0.000631787909168834,0.001214976748401604,0.0006105940865461102,0.0011742193972040583,0.0006211909978574722,0.001194598072802831,-0.0001789414966095461,-0.00034411826271066564,-8.770935438347539e-05,-0.0001686718353528373,-0.0002760260264227718,-0.0005308192815822535
CT - RightRostralMiddleFrontal,13,0.52,0,0.0,0,0.0,0,0.0,0.0006248171587078615,0.0012015714590535799,0.00041750677384965075,0.0008028976420185591,0.0005211619662787561,0.0010022345505360695,-0.00010273435823734954,-0.0001975660735333645,-9.842983130203563e-05,-0.00018928813711929928,-0.0003460157254941924,-0.0006654148567196009
CV - RightSuperiorTemporal,4,0.16,0,0.0,0,0.0,0,0.0,0.0002386335450900403,0.0014914596568127519,0.0007437221544303599,0.004648263465189749,0.0004911778497602001,0.0030698615610012508,0.0002825132547809308,0.0017657078423808175,0.0002847185855252105,0.0017794911595325656,0.0010886733310379226,0.0068042083189870164
CV - RightEntorhinal,10,0.4,0,0.0,0,0.0,0,0.0,0.0004495881311029841,0.0011239703277574602,0.00048798236955291586,0.0012199559238822897,0.00046878525032795,0.001171963125819875,0.00016722023318120643,0.0004180505829530161,2.081833352168317e-05,5.204583380420792e-05,-0.000592573363314797,-0.0014814334082869922
CTS - LeftSuperiorFrontal,13,0.52,0,0.0,0,0.0,0,0.0,0.00042097269205578186,0.0008095628693380421,0.0003360706881107655,0.0006462897848283952,0.00037852169008327366,0.0007279263270832186,3.6700716735856454e-05,7.057830141510856e-05,5.306711144329697e-05,0.00010205213739095571,-0.00046528617610797226,-0.0008947811078999467
CT - RightLateralOccipital,14,0.56,0,0.0,0,0.0,0,0.0,0.00034320080960382283,0.000612858588578255,0.0003848794102521705,0.0006872846611645901,0.00036404010992799665,0.0006500716248714225,-0.0008511117967587617,-0.0015198424942120745,-0.0009494308435876814,-0.001695412220692288,-0.0006453536165148847,-0.0011524171723480085
CT - RightSuperiorTemporal,16,0.64,0,0.0,0,0.0,0,0.0,0.00026967632193185097,0.0004213692530185171,0.00043940573898697646,0.0006865714671671507,0.00035454103045941374,0.0005539703600928339,0.0004838442523773209,0.000756006644339564,0.0002864783025812777,0.0004476223477832464,0.00012859237302214024,0.00020092558284709412
CT - LeftIsthmusCingulate,11,0.44,0,0.0,0,0.0,0,0.0,0.00038538510395540496,0.000875875236262284,0.00029320032281515105,0.0006663643700344341,0.000339292713385278,0.000771119803148359,-0.00046169405660352657,-0.001049304674098924,-0.00041016993371007003,-0.0009322043947956137,-7.127499573484537e-06,-1.6198862667010312e-05
CT - LeftPrecuneus,19,0.76,0,0.0,0,0.0,0,0.0,0.0002652347359057853,0.0003489930735602438,0.0004123125447751091,0.0005425165062830382,0.00033877364034044723,0.00044575478992164104,0.00019453035940687074,0.00025596099921956674,7.39640922977846e-05,9.732117407603236e-05,-0.0005032682018739887,-0.0006621950024657746
CTS - LeftRostralMiddleFrontal,11,0.44,0,0.0,0,0.0,0,0.0,0.0002693608656397072,0.0006121837855447891,0.00016289206365672462,0.00037020923558346504,0.00021612646464821592,0.0004911965105641271,0.00021553483782044144,0.0004898519041373669,0.0001019159169421649,0.00023162708395946567,-0.0002275644110590518,-0.0005171918433160268
CV - LeftEntorhinal,10,0.4,0,0.0,0,0.0,0,0.0,0.00021304452340479825,0.0005326113085119957,0.00021339870130914336,0.0005334967532728584,0.0002132216123569708,0.0005330540308924271,-0.00038111274583013807,-0.0009527818645753451,-0.00037608458544076856,-0.0009402114636019214,-7.358660850474241e-05,-0.00018396652126185603
CTS - RightSuperiorParietal,6,0.24,0,0.0,0,0.0,0,0.0,0.00021604562186513818,0.0009001900911047425,0.00019391590058524992,0.0008079829191052079,0.00020498076122519405,0.0008540865051049752,1.7234297690526812e-05,7.180957371052839e-05,2.363667302469716e-05,9.848613760290482e-05,0.00018515454702700058,0.0007714772792791691
CV - Icv,6,0.24,0,0.0,0,0.0,0,0.0,0.0001259771496475439,0.0005249047901980996,0.0002767638204229453,0.0011531825850956054,0.0002013704850352446,0.0008390436876468525,-0.000459789253012135,-0.0019157885542172293,-0.00037784750038942597,-0.0015743645849559415,-8.315506621645685e-05,-0.0003464794425685702
CT - LeftRostralMiddleFrontal,14,0.56,0,0.0,0,0.0,0,0.0,0.00021309407467862867,0.00038052513335469403,0.00017956180481020395,0.00032064608001822133,0.0001963279397444163,0.0003505856066864577,-0.00043736732625549194,-0.0007810130825990928,-0.00035792275200145025,-0.0006391477714311611,-0.00038632762015261985,-0.0006898707502725355
CT - LeftEntorhinal,22,0.88,0,0.0,0,0.0,0,0.0,0.00011096602527359365,0.00012609775599272007,0.00027276785722503535,0.00030996347411935837,0.0001918669412493145,0.00021803061505603922,-0.0006058332680319307,-0.0006884468954908304,-0.000464095494799401,-0.0005273812440902283,-0.001067626986645035,-0.0012132124848239032
SV - LeftAccumbensArea,10,0.4,0,0.0,0,0.0,0,0.0,0.000123992422734342,0.00030998105683585506,0.00020594956107396718,0.0005148739026849179,0.00016497099190415458,0.0004124274797603865,0.00019274829977396495,0.00048187074943491237,0.0002209795491574183,0.0005524488728935457,-3.184861046363184e-05,-7.962152615907959e-05
CV - LeftFusiform,9,0.36,0,0.0,0,0.0,0,0.0,8.566116131460269e-05,0.00023794767031834078,0.00023352352062055816,0.0006486764461682171,0.0001595923409675804,0.000443312058243279,-7.505054148339693e-05,-0.00020847372634276928,-9.51868263591276e-05,-0.0002644078509975767,-0.00046874271964853956,-0.001302063110134832
CTS - RightParacentral,7,0.28,0,0.0,0,0.0,0,0.0,0.0001627846907522185,0.0005813738955436374,0.0001563854076427121,0.0005585193130096861,0.00015958504919746529,0.0005699466042766618,-0.00023441770252873365,-0.000837206080459763,-0.000132860284509173,-0.0004745010161041893,2.1517542214204536e-05,7.684836505073048e-05
CTS - LeftSupramarginal,7,0.28,0,0.0,0,0.0,0,0.0,0.0001665881429165967,0.0005949576532735596,0.00014770642822977382,0.0005275229579634779,0.00015714728557318528,0.0005612403056185187,-0.00013130376889942244,-0.0004689420317836516,-0.00011506421217259845,-0.00041094361490213733,-0.0001316326695340538,-0.000470116676907335
CT - RightMiddleTemporal,20,0.8,0,0.0,0,0.0,0,0.0,8.315178817242223e-05,0.00010393973521552779,0.00021601080486079372,0.00027001350607599214,0.00014958129651660798,0.00018697662064575996,-0.0006485067868179994,-0.0008106334835224993,-0.0007137555106647753,-0.0008921943883309691,9.574417096899227e-05,0.00011968021371124033
SV - Brainstem,1,0.04,0,0.0,0,0.0,0,0.0,6.526019723125257e-05,0.001631504930781314,0.00020300174007454127,0.005075043501863532,0.00013413096865289693,0.003353274216322423,0.00015795966695956442,0.003948991673989111,0.00012172587542871795,0.0030431468857179487,0.0002856274132858299,0.007140685332145748
SA - RightTransverseTemporal,8,0.32,0,0.0,0,0.0,0,0.0,9.451037853398407e-05,0.0002953449329187002,0.0001491835823600138,0.00046619869487504316,0.00012184698044699894,0.0003807718138968717,-4.519881037979196e-05,-0.00014124628243684988,-4.8133445501868985e-05,-0.00015041701719334058,-0.00016982682474489403,-0.0005307088273277938
CV - RightFusiform,7,0.28,0,0.0,0,0.0,0,0.0,6.719048095619174e-05,0.0002399660034149705,0.00013851211061002472,0.0004946861093215168,0.00010285129578310823,0.0003673260563682437,0.00022594196030574956,0.0008069355725205342,0.0002566672579773506,0.0009166687784905378,-3.771641115045928e-05,-0.00013470146839449746
CT - RightLingual,11,0.44,0,0.0,0,0.0,0,0.0,9.217492621808742e-05,0.00020948846867747142,9.417230335228874e-05,0.0002140279621642926,9.317361478518809e-05,0.00021175821542088202,-8.677744846604369e-05,-0.00019722147378646294,-8.884103614046329e-05,-0.0002019114457737802,-0.0004316928655125628,-0.0009811201488921881
SA - LeftFrontalPole,13,0.52,0,0.0,0,0.0,0,0.0,7.337211330046413e-05,0.00014110021788550794,0.00010633816992466254,0.00020449648062435103,8.985514161256334e-05,0.0001727983492549295,-0.00047681377759663734,-0.0009169495723012256,-0.000456142510164447,-0.0008771971349316288,-0.001115884184789487,-0.0021459311245951673
CTS - LeftParsOpercularis,9,0.36,0,0.0,0,0.0,0,0.0,9.815670667121747e-05,0.0002726575185311596,7.467213692263979e-05,0.0002074226025628883,8.641442179692863e-05,0.00024004006054702395,0.00027623801399769156,0.0007673278166602544,0.00019019883501654211,0.0005283300972681726,9.73643116220062e-06,2.7045642117223945e-05
CV - RightLateralOccipital,4,0.16,0,0.0,0,0.0,0,0.0,5.3976109830634245e-05,0.00033735068644146404,0.0001158831941655368,0.000724269963534605,8.492965199808553e-05,0.0005308103249880346,-0.0005170783962276087,-0.0032317399764225543,-0.0005175407173686042,-0.003234629483553776,-0.0002879245323720122,-0.0017995283273250762
CTS - RightRostralMiddleFrontal,11,0.44,0,0.0,0,0.0,0,0.0,6.341367159987409e-05,0.00014412198090880477,9.154233905554042e-05,0.00020805077058077368,7.747800532770726e-05,0.00017608637574478923,-0.00027198792067182844,-0.0006181543651632464,-0.0002851440776733897,-0.0006480547219849766,0.00013043921346751928,0.0002964527578807256
SV - LeftPutamen,2,0.08,0,0.0,1,0.04,1,0.04,4.756793485542467e-05,0.0005945991856928084,8.904700878418025e-05,0.0011130876098022532,6.830747181980246e-05,0.0008538433977475308,0.00041145654633614867,0.005143206829201858,0.00038152637391827095,0.004769079673978387,1.3660317166868108e-05,0.00017075396458585135
CT - LeftSuperiorTemporal,20,0.8,0,0.0,0,0.0,0,0.0,5.7380833304316774e-05,7.172604163039597e-05,7.78312381794693e-05,9.728904772433663e-05,6.760603574189304e-05,8.45075446773663e-05,-0.0001622922665068098,-0.00020286533313351225,-9.622825073038968e-05,-0.00012028531341298711,-0.000240626583609406,-0.0003007832295117575
CT - RightParahippocampal,9,0.36,0,0.0,0,0.0,0,0.0,8.943979033144217e-05,0.00024844386203178384,4.021361128278561e-05,0.00011170447578551557,6.48267008071139e-05,0.00018007416890864972,-0.0005615459375533251,-0.0015598498265370143,-0.0005918762508834223,-0.0016441006968983952,-0.0002086796207033971,-0.0005796656130649919
CV - LeftSupramarginal,7,0.28,0,0.0,0,0.0,0,0.0,3.4448105835790963e-05,0.00012302894941353915,7.695065765823793e-05,0.00027482377735084975,5.569938174701445e-05,0.00019892636338219444,-0.00018079975805975,-0.0006457134216419643,-0.00019896374759656782,-0.0007105848128448851,-0.00020829747901518283,-0.0007439195679113672
CT - RightTemporalPole,5,0.2,0,0.0,0,0.0,0,0.0,3.1028935178881594e-05,0.00015514467589440798,7.769642235975518e-05,0.0003884821117987759,5.4362678769318386e-05,0.00027181339384659193,-0.00045139145554472254,-0.0022569572777236127,-0.00038687897327583146,-0.0019343948663791573,1.2088540804695566e-05,6.0442704023477836e-05
CV - LeftLateralOccipital,4,0.16,0,0.0,0,0.0,0,0.0,4.416509750709914e-05,0.0002760318594193696,5.987420646709135e-05,0.00037421379041932095,5.2019651987095244e-05,0.00032512282491934524,-0.00011421709787404415,-0.0007138568617127759,-0.00011740552538008677,-0.0007337845336255423,-0.00012858978290904738,-0.0008036861431815461
CV - LeftParsOpercularis,7,0.28,0,0.0,0,0.0,0,0.0,4.086677152486993e-05,0.00014595275544596403,6.252869659627454e-05,0.00022331677355812333,5.169773406057223e-05,0.00018463476450204368,-0.00014100335620309792,-0.000503583415011064,-0.00016048703396047095,-0.0005731679784302535,-0.00039022517525091655,-0.001393661340181845
SV - RightAccumbensArea,7,0.28,0,0.0,0,0.0,0,0.0,4.542933798534622e-05,0.00016224763566195078,5.779659883827549e-05,0.00020641642442241245,5.161296841181086e-05,0.00018433203004218163,-0.00011396196138942426,-0.0004070070049622295,-0.00017158416721482954,-0.0006128005971958197,-0.0002044301769029655,-0.0007301077746534482
CT - LeftSupramarginal,19,0.76,0,0.0,0,0.0,0,0.0,3.579979788928758e-05,4.710499722274681e-05,5.6120899700951006e-05,7.38432890801987e-05,4.596034879511929e-05,6.047414315147275e-05,-0.0007401677544776135,-0.000973904940102123,-0.000700204274409621,-0.0009213214136968697,-0.0006313813706559507,-0.0008307649613894088
CTS - LeftParacentral,9,0.36,0,0.0,0,0.0,0,0.0,1.6202022222476604e-05,4.500561728465723e-05,7.199599055265737e-05,0.00019998886264627048,4.409900638756699e-05,0.00012249723996546384,-0.00014859114146452477,-0.0004127531707347911,-0.00011347367810221404,-0.000315204661395039,-9.57520343163807e-05,-0.0002659778731010575
SV - TotalGM,9,0.36,0,0.0,2,0.08,2,0.08,2.1108646870886434e-05,5.863513019690676e-05,6.588259084156092e-05,0.00018300719678211364,4.3495618856223675e-05,0.00012082116348951019,-0.0001430912293936183,-0.0003974756372044953,-0.00010072610269916869,-0.00027979472971991306,5.243860785793671e-05,0.00014566279960537975
SV - LeftCorticalGM,8,0.32,0,0.0,0,0.0,0,0.0,3.934140018428798e-05,0.00012294187557589992,4.4111657271802236e-05,0.000137848928974382,4.172652872804511e-05,0.00013039540227514096,-0.00020212967134676518,-0.0006316552229586412,-0.0002057774698478511,-0.0006430545932745346,7.74978257344327e-05,0.0002421807054201022
CTS - LeftParahippocampal,2,0.08,0,0.0,0,0.0,0,0.0,3.925525556021815e-05,0.0004906906945027269,3.913321244917951e-05,0.0004891651556147439,3.919423400469883e-05,0.0004899279250587354,-1.7622568980980446e-05,-0.00022028211226225557,-7.124454492875021e-06,-8.905568116093776e-05,9.930968276452151e-05,0.001241371034556519
SV - CorpusCallosumMidAnterior,2,0.08,0,0.0,0,0.0,0,0.0,3.544594130803729e-05,0.0004430742663504661,3.931509472721956e-05,0.0004914386840902445,3.7380518017628424e-05,0.0004672564752203553,2.215196407088129e-05,0.00027689955088601616,2.0277224194073895e-05,0.0002534653024259237,0.0003197920753651883,0.003997400942064854
CT - LeftParahippocampal,8,0.32,0,0.0,0,0.0,0,0.0,3.544745568761825e-05,0.00011077329902380704,3.1645517305077964e-05,9.889224157836864e-05,3.354648649634811e-05,0.00010483277030108784,-0.00013810743407141084,-0.0004315857314731589,-0.00020434092298543413,-0.0006385653843294817,0.000245806330602097,0.0007681447831315532
CT - LeftSuperiorFrontal,12,0.48,0,0.0,0,0.0,0,0.0,4.4522357063589475e-05,9.275491054914474e-05,1.78385302871803e-05,3.716360476495896e-05,3.1180443675384886e-05,6.495925765705185e-05,-0.0006041392054549438,-0.0012586233446977995,-0.0006510444848220251,-0.0013563426767125523,-0.00036713184069928697,-0.0007648580014568479
CV - LeftParahippocampal,5,0.2,0,0.0,0,0.0,0,0.0,3.606358022508309e-05,0.00018031790112541546,2.5570589603033613e-05,0.00012785294801516807,3.0817084914058356e-05,0.00015408542457029178,6.98053284620915e-05,0.0003490266423104575,0.00011723382135244176,0.0005861691067622088,-0.00019075895129809942,-0.0009537947564904972
CT - LeftSuperiorParietal,17,0.68,0,0.0,0,0.0,0,0.0,2.669589945642053e-05,3.9258675671206664e-05,3.3049538614382006e-05,4.860226266820883e-05,2.987271903540127e-05,4.3930469169707744e-05,-0.00035594856110382456,-0.0005234537663291538,-0.0003484268762031462,-0.0005123924650046268,-0.00040991610883675945,-0.0006028178071128815
CV - LeftPrecuneus,4,0.16,0,0.0,0,0.0,0,0.0,2.6550543913891017e-05,0.00016594089946181886,3.22623232129708e-05,0.0002016395200810675,2.9406433563430908e-05,0.0001837902097714432,0.00031779710816788104,0.0019862319260492566,0.00033003767919695935,0.002062735494980996,0.00018626143143436532,0.0011641339464647832
CV - LeftSuperiorTemporal,4,0.16,0,0.0,0,0.0,0,0.0,4.16984372874821e-05,0.00026061523304676316,1.531959879512488e-05,9.57474924695305e-05,2.8509018041303492e-05,0.00017818136275814684,-0.0005242543244901297,-0.003276589528063311,-0.00042797839061246645,-0.0026748649413279152,-0.0005508589860869788,-0.0034428686630436174
CV - RightPrecuneus,11,0.44,0,0.0,0,0.0,0,0.0,3.4076868988542024e-05,7.74474295194137e-05,2.1573029837813977e-05,4.902961326775904e-05,2.7824949413178002e-05,6.323852139358637e-05,9.508625997112292e-05,0.00021610513629800662,8.756921076658168e-05,0.00019902093356041292,-0.0004257391166734136,-0.0009675889015304855
CTS - RightSuperiorFrontal,11,0.44,0,0.0,0,0.0,0,0.0,2.8489680265446263e-05,6.474927333055968e-05,2.128289577102647e-05,4.8370217661423796e-05,2.488628801823637e-05,5.655974549599174e-05,-0.00017160751728984027,-0.000390017084749637,-0.00015104251426403866,-0.0003432784415091788,-0.00016757534065771026,-0.0003808530469493415
CV - LeftIsthmusCingulate,4,0.16,0,0.0,0,0.0,0,0.0,2.3286640600592626e-05,0.0001455415037537039,2.5130558011113406e-05,0.0001570659875694588,2.4208599305853014e-05,0.00015130374566158135,-2.3160800465008803e-05,-0.00014475500290630502,-2.8781366126497597e-05,-0.00017988353829061,-7.22658568121961e-05,-0.0004516616050762257
CV - LeftParsTriangularis,3,0.12,0,0.0,0,0.0,0,0.0,2.7520466776989715e-05,0.00022933722314158095,2.0612487303113556e-05,0.0001717707275259463,2.4066477040051636e-05,0.00020055397533376364,0.00015653240722743702,0.0013044367268953084,0.000125372889353933,0.0010447740779494419,-0.00018282057374023361,-0.0015235047811686135
CT - RightParsOpercularis,7,0.28,0,0.0,0,0.0,0,0.0,7.767905786545189e-06,2.7742520666232815e-05,3.6997280339204966e-05,0.00013213314406858916,2.238259306287508e-05,7.993783236741099e-05,0.00011124967289566693,0.0003973202603416676,0.0001251166692497481,0.000446845247320529,-0.00016574668571103793,-0.0005919524489679926
CV - RightInsula,1,0.04,0,0.0,0,0.0,0,0.0,1.5034805333197461e-05,0.00037587013332993655,2.8183993954369698e-05,0.0007045998488592424,2.160939964378358e-05,0.0005402349910945895,7.490240981829465e-05,0.0018725602454573663,8.452380952380887e-05,0.0021130952380952217,4.709400177631906e-05,0.0011773500444079766
CT - RightIsthmusCingulate,5,0.2,0,0.0,0,0.0,0,0.0,1.4420483336787214e-05,7.210241668393608e-05,2.578372932041711e-05,0.00012891864660208554,2.010210632860216e-05,0.00010051053164301081,-0.00010334037766378703,-0.0005167018883189352,-6.386392094143849e-05,-0.0003193196047071924,-2.181418625473981e-05,-0.00010907093127369904
CT - RightInferiorTemporal,15,0.6,0,0.0,0,0.0,0,0.0,1.4432144747563306e-05,2.4053574579272177e-05,2.1536215890072802e-05,3.5893693150121336e-05,1.7984180318818053e-05,2.9973633864696756e-05,-0.0003508964106619991,-0.0005848273511033318,-0.0004901694988925241,-0.0008169491648208735,-8.037141987267675e-05,-0.00013395236645446124
CT - LeftTemporalPole,10,0.4,0,0.0,0,0.0,0,0.0,1.7204754718813212e-05,4.3011886797033035e-05,1.730168396560613e-05,4.3254209914015325e-05,1.725321934220967e-05,4.313304835552418e-05,5.2932149777451916e-05,0.00013233037444362978,3.967894273151388e-05,9.91973568287847e-05,-0.00012102968310666213,-0.00030257420776665534
CV - LeftRostralMiddleFrontal,3,0.12,0,0.0,0,0.0,0,0.0,2.1233712740644826e-06,1.769476061720402e-05,2.803059496607016e-05,0.000233588291383918,1.5076983120067322e-05,0.00012564152600056102,-0.00016912395705970934,-0.0014093663088309112,-0.00018630995819877503,-0.001552582984989792,0.00011685461316239438,0.0009737884430199533
CV - RightInferiorTemporal,2,0.08,0,0.0,0,0.0,0,0.0,1.6220860789248976e-05,0.00020276075986561218,1.2317102627748689e-05,0.00015396378284685862,1.4268981708498831e-05,0.00017836227135623539,6.484514872695922e-05,0.0008105643590869903,6.422252313247557e-05,0.0008027815391559445,-0.00011315742895996888,-0.001414467861999611
CTS - RightLingual,12,0.48,0,0.0,0,0.0,0,0.0,2.1201868968688783e-05,4.417056035143496e-05,5.617944022609021e-06,1.1704050047102127e-05,1.3409906495648901e-05,2.7937305199268544e-05,-0.00026250452107608993,-0.0005468844189085207,-0.00019420667052246117,-0.00040459723025512744,-0.0002617153159189324,-0.0005452402414977758
SV - SubcorticalGM,3,0.12,0,0.0,0,0.0,0,0.0,1.0396050549776862e-05,8.663375458147384e-05,1.618563247523071e-05,0.00013488027062692257,1.3290841512503785e-05,0.00011075701260419821,-3.1030817954819144e-05,-0.00025859014962349285,-2.9596719070402864e-05,-0.0002466393255866905,7.5813980224971e-05,0.000631783168541425
SA - LeftTemporalPole,2,0.08,0,0.0,0,0.0,0,0.0,1.1611206806638722e-05,0.00014514008508298402,1.476378636217214e-05,0.00018454732952715173,1.318749658440543e-05,0.0001648437073050679,-6.349429381607993e-05,-0.0007936786727009992,-7.136102859475174e-05,-0.0008920128574343967,-8.285659110578613e-05,-0.0010357073888223266
CV - RightParahippocampal,2,0.08,0,0.0,0,0.0,0,0.0,1.842201193586413e-05,0.0002302751491983016,5.886018566300234e-06,7.357523207875293e-05,1.2154015251082182e-05,0.00015192519063852728,-8.711656765018613e-05,-0.0010889570956273266,-4.631761977109807e-05,-0.0005789702471387259,-0.0003940649962682352,-0.00492581245335294
CT - RightMedialOrbitofrontal,5,0.2,0,0.0,0,0.0,0,0.0,9.595783479790023e-06,4.797891739895012e-05,1.399520740259526e-05,6.99760370129763e-05,1.179549544119264e-05,5.897747720596321e-05,-0.00021378168936077549,-0.0010689084468038775,-0.00015019362132013398,-0.0007509681066006699,-0.0001231282628566784,-0.000615641314283392
SA - RightFrontalPole,10,0.4,0,0.0,0,0.0,0,0.0,1.3015121669052295e-05,3.253780417263074e-05,1.0346977801988936e-05,2.5867444504972338e-05,1.1681049735520615e-05,2.920262433880154e-05,-9.550368088337028e-05,-0.0002387592022084257,-7.727141902746782e-05,-0.00019317854756866956,4.7424016249246915e-05,0.00011856004062311729
CT - RightSupramarginal,14,0.56,0,0.0,0,0.0,0,0.0,1.2823557996732061e-05,2.289921070845011e-05,9.416958401898226e-06,1.681599714624683e-05,1.1120258199315144e-05,1.9857603927348468e-05,-0.0002795590917009756,-0.0004992126637517422,-0.0002861531049800916,-0.0005109876874644493,-0.00018150500247570512,-0.00032411607584947346
CT - LeftFrontalPole,4,0.16,0,0.0,0,0.0,0,0.0,6.927248810273113e-06,4.329530506420696e-05,1.4980713414545933e-05,9.362945884091208e-05,1.0953981112409524e-05,6.846238195255952e-05,-0.00021958593317507804,-0.0013724120823442377,-0.0001760069111140334,-0.0011000431944627087,-9.347007952438472e-05,-0.0005841879970274044
CTS - LeftSuperiorParietal,5,0.2,0,0.0,0,0.0,0,0.0,9.95417441124e-06,4.9770872056200004e-05,1.1752722560893229e-05,5.876361280446615e-05,1.0853448486066616e-05,5.426724243033308e-05,-0.0003218203506568837,-0.0016091017532844185,-0.00023011437303031225,-0.0011505718651515613,-0.0003198618732248718,-0.001599309366124359
CV - RightSuperiorFrontal,4,0.16,0,0.0,0,0.0,0,0.0,1.867600098907506e-05,0.00011672500618171911,0.0,0.0,9.33800049453753e-06,5.8362503090859554e-05,-0.00019657171095953822,-0.001228573193497114,-0.00016591288648161069,-0.0010369555405100668,-0.00012240511221723544,-0.0007650319513577214
CT - LeftParsTriangularis,4,0.16,0,0.0,0,0.0,0,0.0,2.213830270883968e-06,1.3836439193024799e-05,1.631339950431468e-05,0.00010195874690196676,9.263614887599324e-06,5.789759304749578e-05,3.163180871537712e-05,0.00019769880447110698,2.3176467666367007e-05,0.0001448529229147938,-4.408946690196211e-05,-0.0002755591681372632
CV - LeftInferiorTemporal,9,0.36,0,0.0,0,0.0,0,0.0,2.619714704045191e-06,7.276985289014419e-06,1.5703427174404338e-05,4.3620631040012046e-05,9.161570939224764e-06,2.5448808164513234e-05,-0.00030125393259321893,-0.000836816479425608,-0.000295965998047003,-0.0008221277723527861,-0.000361202138849572,-0.0010033392745821446
CV - RightRostralMiddleFrontal,2,0.08,0,0.0,0,0.0,0,0.0,9.169925349979235e-06,0.00011462406687474044,8.79988467428891e-06,0.00010999855842861138,8.984905012134072e-06,0.0001123113126516759,9.39408881904762e-05,0.0011742611023809525,8.10028288742787e-05,0.0010125353609284837,5.285515518199615e-05,0.0006606894397749518
CT - RightRostralAnteriorCingulate,1,0.04,0,0.0,0,0.0,0,0.0,1.0449017115120437e-05,0.00026122542787801093,7.32875155555657e-06,0.00018321878888891426,8.888884335338502e-06,0.00022222210838346258,0.00012611192136347053,0.0031527980340867634,0.00010844272952229063,0.002711068238057266,-3.669139166284463e-06,-9.172847915711157e-05
CTS - RightLateralOccipital,4,0.16,0,0.0,0,0.0,0,0.0,1.2916726980052196e-05,8.072954362532622e-05,4.090269422311432e-06,2.5564183889446447e-05,8.503498201181814e-06,5.314686375738634e-05,0.0001338823199376642,0.0008367644996104012,0.00011057004784287715,0.0006910627990179822,-0.00017948370431296692,-0.0011217731519560432
CV - RightMiddleTemporal,12,0.48,0,0.0,0,0.0,0,0.0,3.997500392438938e-06,8.328125817581123e-06,1.2921303839124092e-05,2.6919382998175188e-05,8.459402115781514e-06,1.7623754407878155e-05,-0.000294344181114395,-0.000613217043988323,-0.0002823190192801968,-0.00058816462350041,-0.0002138551858369633,-0.0004455316371603402
CTS - LeftInferiorParietal,7,0.28,0,0.0,0,0.0,0,0.0,8.105288584218335e-06,2.8947459229351197e-05,7.513104303526013e-06,2.683251536973576e-05,7.809196443872173e-06,2.7889987299543478e-05,-7.403811542268732e-05,-0.00026442184079531183,-5.901437674323811e-05,-0.0002107656312258504,-0.0001428899843748164,-0.0005103213727672015
CTS - RightTransverseTemporal,4,0.16,0,0.0,0,0.0,0,0.0,1.3395110729069429e-05,8.371944205668393e-05,1.9772930234402592e-06,1.2358081396501619e-05,7.686201876254844e-06,4.8038761726592775e-05,-9.051213294769493e-06,-5.657008309230933e-05,1.4713314992996557e-05,9.195821870622848e-05,2.8691346876877066e-05,0.00017932091798048165
SA - LeftParsTriangularis,1,0.04,0,0.0,0,0.0,0,0.0,5.532478026084786e-07,1.3831195065211966e-05,1.4594861245404865e-05,0.0003648715311351216,7.574054524006672e-06,0.0001893513631001668,4.663718762211361e-05,0.0011659296905528404,6.346516797382824e-05,0.001586629199345706,6.626153389666509e-05,0.0016565383474166273
CTS - LeftPrecuneus,3,0.12,0,0.0,0,0.0,0,0.0,5.99021934407365e-06,4.991849453394708e-05,9.113070262566414e-06,7.594225218805345e-05,7.551644803320033e-06,6.293037336100026e-05,1.4287609557338675e-05,0.00011906341297782229,1.1483253588517073e-05,9.569377990430893e-05,-8.920160845127007e-05,-0.0007433467370939172
CV - RightCaudalAnteriorCingulate,1,0.04,0,0.0,0,0.0,0,0.0,1.1675745997608631e-05,0.0002918936499402158,2.7928790928091625e-06,6.982197732022907e-05,7.2343125452088965e-06,0.00018085781363022242,0.00011333649321951382,0.0028334123304878454,0.00011213956048609131,0.002803489012152283,-2.8829640037071958e-05,-0.0007207410009267989
CTS - RightMedialOrbitofrontal,2,0.08,0,0.0,0,0.0,0,0.0,5.078599395416835e-06,6.348249244271043e-05,9.30886469641469e-06,0.00011636080870518362,7.193732045915762e-06,8.992165057394703e-05,2.8911922640621237e-05,0.00036139903300776545,2.238599514728294e-05,0.0002798249393410368,-0.00014970171539443084,-0.0018712714424303856
SA - LeftTransverseTemporal,3,0.12,0,0.0,0,0.0,0,0.0,0.0,0.0,1.4121696244469961e-05,0.00011768080203724967,7.060848122234981e-06,5.8840401018624834e-05,-0.00013108056069016422,-0.0010923380057513683,-0.00013813473256601565,-0.001151122771383464,-0.0001088558852030581,-0.0009071323766921508
CT - LeftMedialOrbitofrontal,4,0.16,0,0.0,0,0.0,0,0.0,1.9698063037047868e-06,1.2311289398154916e-05,1.1811669301907697e-05,7.38229331369231e-05,6.890737802806242e-06,4.306711126753901e-05,-3.236241359773073e-05,-0.00020226508498581708,-2.653073873827197e-05,-0.0001658171171141998,-8.780305420879805e-05,-0.0005487690888049878
CTS - RightCaudalMiddleFrontal,6,0.24,0,0.0,0,0.0,0,0.0,4.10279870626487e-06,1.7094994609436958e-05,9.56368868531808e-06,3.9848702855491997e-05,6.833243695791474e-06,2.8471848732464476e-05,-0.00010247096382373497,-0.0004269623492655624,-5.9689863519686885e-05,-0.00024870776466536204,-8.857854596093295e-05,-0.0003690772748372206
CV - LeftSuperiorParietal,3,0.12,0,0.0,0,0.0,0,0.0,3.0411912864561355e-07,2.5343260720467797e-06,1.1856146760424407e-05,9.880122300353673e-05,6.08013294453501e-06,5.0667774537791754e-05,-0.00016031236702848214,-0.001335936391904018,-0.00018567007787051226,-0.0015472506489209354,-8.983136837507022e-06,-7.485947364589186e-05
CTS - RightParsTriangularis,4,0.16,0,0.0,0,0.0,0,0.0,2.128980208166786e-06,1.3306126301042412e-05,1.0001278915293659e-05,6.250799322058537e-05,6.065129561730223e-06,3.790705976081389e-05,-3.334242417785997e-05,-0.00020839015111162482,-2.672169436948613e-05,-0.0001670105898092883,-8.938177167677672e-05,-0.0005586360729798545
CTS - RightPrecentral,3,0.12,0,0.0,0,0.0,0,0.0,1.7562315864735914e-06,1.463526322061326e-05,9.89675277528438e-06,8.247293979403649e-05,5.826492180878986e-06,4.8554101507324874e-05,-0.000117471518334845,-0.0009789293194570417,-9.612520181240642e-05,-0.0008010433484367201,2.6943336867763003e-05,0.00022452780723135836
CT - LeftLateralOccipital,9,0.36,0,0.0,0,0.0,0,0.0,7.647607432071688e-06,2.124335397797691e-05,3.6911422038777023e-06,1.0253172788549173e-05,5.669374817974695e-06,1.574826338326304e-05,-0.0002566614296140003,-0.0007129484155944453,-0.00022750621326084395,-0.0006319617035023443,-6.012131223290983e-05,-0.0001670036450914162
SA - RightInferiorParietal,2,0.08,0,0.0,0,0.0,0,0.0,5.8012338733827335e-06,7.251542341728416e-05,5.420099367066349e-06,6.775124208832936e-05,5.610666620224542e-06,7.013333275280675e-05,9.507383435817997e-05,0.0011884229294772497,7.655502392344671e-05,0.0009569377990430839,6.013452457758488e-05,0.000751681557219811
CT - RightInsula,3,0.12,0,0.0,0,0.0,0,0.0,3.24355904833988e-06,2.7029658736165664e-05,7.924117841343604e-06,6.603431534453004e-05,5.583838444841742e-06,4.653198704034785e-05,-2.338927420648779e-05,-0.00019491061838739824,1.291783752044473e-05,0.00010764864600370609,-0.0001346457500519766,-0.001122047917099805
SV - RightCorticalGM,9,0.36,0,0.0,2,0.08,2,0.08,6.694926990855035e-06,1.8597019419041765e-05,3.933789438834949e-06,1.0927192885652634e-05,5.314358214844992e-06,1.4762106152347199e-05,-0.0002245482059172027,-0.0006237450164366742,-0.0001783634993480123,-0.0004954541648555898,-2.311153896586849e-05,-6.41987193496347e-05
CT - RightBankssts,9,0.36,0,0.0,0,0.0,0,0.0,5.3163646013037e-06,1.4767679448065831e-05,5.295991350787171e-06,1.471108708551992e-05,5.3061779760454355e-06,1.4739383266792876e-05,-0.0001442172018370499,-0.00040060333843624975,-0.0001489994450341121,-0.00041388734731697806,-0.00010412154416095625,-0.0002892265115582118
CV - RightBankssts,4,0.16,0,0.0,0,0.0,0,0.0,2.113749886208398e-06,1.321093678880249e-05,8.02820405259124e-06,5.0176275328695256e-05,5.070976969399819e-06,3.169360605874887e-05,-0.00012123858060888296,-0.0007577411288055185,-9.074104584074467e-05,-0.0005671315365046542,-8.214051778717561e-05,-0.0005133782361698476
CV - RightParsTriangularis,1,0.04,0,0.0,0,0.0,0,0.0,3.385997173903176e-06,8.46499293475794e-05,5.979349099501629e-06,0.00014948372748754073,4.682673136702403e-06,0.00011706682841756006,-0.0001119177682101003,-0.0027979442052525074,-9.333333333333361e-05,-0.0023333333333333405,-3.085550057855047e-05,-0.0007713875144637616
CT - LeftPrecentral,6,0.24,0,0.0,0,0.0,0,0.0,6.041886717075182e-06,2.517452798781326e-05,3.073777279514491e-06,1.280740533131038e-05,4.557831998294837e-06,1.899096665956182e-05,-0.00023002908589599074,-0.0009584545245666281,-0.00021148297578992372,-0.0008811790657913488,-3.1545106434004294e-05,-0.0001314379434750179
SA - RightEntorhinal,1,0.04,0,0.0,0,0.0,0,0.0,0.0,0.0,8.806993277935814e-06,0.00022017483194839536,4.403496638967907e-06,0.00011008741597419768,0.0,0.0,0.0,0.0,0.0,0.0
SA - LeftParacentral,1,0.04,0,0.0,0,0.0,0,0.0,3.9139964330333e-06,9.78499108258325e-05,4.263176736037955e-06,0.00010657941840094888,4.088586584535628e-06,0.00010221466461339068,-0.0001172625211096257,-0.0029315630277406426,-9.28909952606645e-05,-0.0023222748815166128,-7.349334142456598e-05,-0.0018373335356141496
CTS - RightBankssts,6,0.24,0,0.0,0,0.0,0,0.0,2.4334104755528066e-06,1.0139210314803361e-05,5.53603193226647e-06,2.3066799717776958e-05,3.984721203909638e-06,1.660300501629016e-05,-9.221479663980014e-05,-0.0003842283193325006,-6.492899592301047e-05,-0.0002705374830125436,-0.00014728056015927483,-0.0006136690006636451
CTS - RightPericalcarine,4,0.16,0,0.0,0,0.0,0,0.0,6.50850854467295e-06,4.067817840420594e-05,1.2952962902871573e-06,8.095601814294733e-06,3.901902417480054e-06,2.4386890109250334e-05,-8.054143316817521e-05,-0.0005033839573010951,-6.583735546070297e-05,-0.00041148347162939356,-1.5151819998998574e-05,-9.469887499374108e-05
SA - RightBankssts,4,0.16,0,0.0,0,0.0,0,0.0,0.0,0.0,7.455458113162603e-06,4.659661320726627e-05,3.7277290565813016e-06,2.3298306603633134e-05,-0.000178647387521817,-0.0011165461720113563,-0.0001437062937062959,-0.0008981643356643493,-0.00015663922903117405,-0.0009789951814448378
CT - RightPosteriorCingulate,3,0.12,0,0.0,0,0.0,0,0.0,0.0,0.0,7.31302661418439e-06,6.094188845153658e-05,3.656513307092195e-06,3.047094422576829e-05,-1.9192750461218998e-05,-0.00015993958717682499,-2.00316055625799e-05,-0.00016693004635483252,-0.000144186906624919,-0.0012015575552076583
CTS - RightLateralOrbitofrontal,3,0.12,0,0.0,0,0.0,0,0.0,3.0759353384355085e-06,2.5632794486962572e-05,4.228969965311352e-06,3.52414163775946e-05,3.6524526518734304e-06,3.0437105432278583e-05,-0.00029512616410908954,-0.0024593847009090797,-0.0002370121771468739,-0.001975101476223949,-8.610187106574037e-05,-0.000717515592214503
CV - RightParsOrbitalis,3,0.12,0,0.0,0,0.0,0,0.0,6.515700398252044e-06,5.4297503318767034e-05,5.241483081761003e-07,4.3679025681341685e-06,3.519924353214072e-06,2.9332702943450603e-05,-7.430513497184697e-05,-0.0006192094580987248,-6.369101043932207e-05,-0.0005307584203276839,-0.00011539059731499578,-0.0009615883109582983
CTS - LeftIsthmusCingulate,5,0.2,0,0.0,0,0.0,0,0.0,2.8537967272262554e-06,1.4268983636131276e-05,4.106741793825376e-06,2.053370896912688e-05,3.480269260525816e-06,1.7401346302629078e-05,-6.276055291893225e-05,-0.0003138027645946613,-6.618881866449736e-05,-0.00033094409332248674,-3.11388133360654e-05,-0.000155694066680327
SV - SupraTentorial,4,0.16,0,0.0,1,0.04,1,0.04,0.0,0.0,6.6416723172679366e-06,4.1510451982924606e-05,3.3208361586339683e-06,2.0755225991462303e-05,-0.0001480326120644074,-0.0009252038254025463,-0.00011821910317171423,-0.0007388693948232139,5.1770646809335917e-05,0.0003235665425583495
CT - LeftParsOpercularis,8,0.32,0,0.0,0,0.0,0,0.0,2.3152678019279048e-06,7.235211881024702e-06,4.249583901124285e-06,1.327994969101339e-05,3.2824258515260947e-06,1.0257580786019047e-05,-0.00043269413795830923,-0.0013521691811197163,-0.0004304444568309078,-0.0013451389275965868,-2.1575471039592564e-05,-6.742334699872676e-05
CT - RightTransverseTemporal,2,0.08,0,0.0,0,0.0,0,0.0,5.662362604307297e-06,7.077953255384122e-05,0.0,0.0,2.8311813021536486e-06,3.538976627692061e-05,-5.560155780880347e-05,-0.0006950194726100434,-4.90476190476187e-05,-0.0006130952380952338,-2.5712803824348287e-05,-0.0003214100478043536
CT - RightPostcentral,3,0.12,0,0.0,0,0.0,0,0.0,0.0,0.0,5.410109881758076e-06,4.5084249014650626e-05,2.705054940879038e-06,2.2542124507325313e-05,-1.9403770938432707e-06,-1.6169809115360592e-05,-2.4598545214674474e-06,-2.0498787678895395e-05,-4.985646251761891e-05,-0.00041547052098015754
CT - LeftCaudalMiddleFrontal,11,0.44,0,0.0,0,0.0,0,0.0,5.3978244701063546e-06,1.2267782886605351e-05,0.0,0.0,2.6989122350531773e-06,6.133891443302676e-06,-0.0002640221602086297,-0.0006000503641105221,-0.00027833406185216974,-0.0006325774133003857,-0.00018443504683569647,-0.0004191705609902193
CT - RightSuperiorFrontal,6,0.24,0,0.0,0,0.0,0,0.0,0.0,0.0,5.172205793010651e-06,2.1550857470877714e-05,2.5861028965053255e-06,1.0775428735438857e-05,-3.056035463231649e-05,-0.0001273348109679854,-6.263767191176167e-05,-0.00026099029963234027,-0.00013048866931521293,-0.0005437027888133872
SA - LeftParsOrbitalis,1,0.04,0,0.0,0,0.0,0,0.0,0.0,0.0,5.009330043226888e-06,0.00012523325108067222,2.504665021613444e-06,6.261662554033611e-05,0.0,0.0,0.0,0.0,2.7740712028352114e-05,0.0006935178007088028
CV - RightPosteriorCingulate,1,0.04,0,0.0,0,0.0,0,0.0,4.852632283228566e-06,0.00012131580708071415,0.0,0.0,2.426316141614283e-06,6.0657903540357075e-05,-2.5119541306508797e-05,-0.0006279885326627199,-2.095238095238088e-05,-0.000523809523809522,-5.1851655881144155e-06,-0.0001296291397028604
CTS - LeftMiddleTemporal,4,0.16,0,0.0,0,0.0,0,0.0,0.0,0.0,4.789079712504767e-06,2.9931748203154792e-05,2.3945398562523835e-06,1.4965874101577396e-05,-0.0002494575445652749,-0.0015591096535329681,-0.00020177799252381597,-0.0012611124532738499,-3.199836268735776e-05,-0.00019998976679598603
CV - RightFrontalPole,2,0.08,0,0.0,0,0.0,0,0.0,0.0,0.0,4.768174453265452e-06,5.960218066581816e-05,2.384087226632726e-06,2.980109033290908e-05,0.00012696541219409525,0.0015870676524261907,0.0001438577360231511,0.0017982217002893886,-2.225034825404073e-05,-0.00027812935317550914
CT - RightParsTriangularis,2,0.08,0,0.0,0,0.0,0,0.0,0.0,0.0,4.754452967079611e-06,5.943066208849514e-05,2.3772264835398055e-06,2.971533104424757e-05,0.0,0.0,0.0,0.0,-4.927821506301999e-06,-6.159776882877499e-05
CTS - RightInsula,1,0.04,0,0.0,0,0.0,0,0.0,4.6096748907069424e-06,0.00011524187226767357,0.0,0.0,2.3048374453534712e-06,5.7620936133836784e-05,-1.188885679069429e-05,-0.0002972214197673573,-9.56937799043045e-06,-0.00023923444976076125,-0.00010294666753328929,-0.0025736666883322324
CV - LeftParsOrbitalis,2,0.08,0,0.0,0,0.0,0,0.0,1.650619048538022e-07,2.0632738106725275e-06,4.422452381195993e-06,5.5280654764949907e-05,2.2937571430248973e-06,2.867196428781122e-05,-7.079143459107025e-05,-0.0008848929323883781,-5.904761904761884e-05,-0.0007380952380952355,-5.6882491942888344e-05,-0.0007110311492861043
CTS - RightMiddleTemporal,3,0.12,0,0.0,0,0.0,0,0.0,4.7006807653137684e-07,3.917233971094807e-06,4.014322532417735e-06,3.34526877701478e-05,2.242195304474556e-06,1.8684960870621302e-05,-1.1563960471328728e-05,-9.636633726107273e-05,3.383256538436159e-05,0.00028193804486967994,-3.9368352277922985e-05,-0.00032806960231602486
CTS - RightPrecuneus,7,0.28,0,0.0,0,0.0,0,0.0,1.7125760471920859e-06,6.116343025686021e-06,2.7574564259695953e-06,9.848058664177126e-06,2.235016236580841e-06,7.982200844931573e-06,-0.0002667690862448003,-0.0009527467365885724,-0.00025650824605676347,-0.0009161008787741552,8.864689943663463e-05,0.00031659606941655225
CV - RightPrecentral,1,0.04,0,0.0,0,0.0,0,0.0,0.0,0.0,4.428903337072021e-06,0.00011072258342680052,2.2144516685360107e-06,5.536129171340026e-05,-1.5985162649596506e-05,-0.0003996290662399127,-1.3333333333333286e-05,-0.00033333333333333213,-3.4569156191464236e-05,-0.0008642289047866059
CTS - RightIsthmusCingulate,2,0.08,0,0.0,0,0.0,0,0.0,0.0,0.0,4.307072993715577e-06,5.3838412421444715e-05,2.1535364968577886e-06,2.6919206210722357e-05,-4.306617106753912e-05,-0.000538327138344239,-3.4123222748816494e-05,-0.00042654028436020616,-3.142597212057119e-06,-3.928246515071399e-05
CV - LeftInsula,1,0.04,0,0.0,0,0.0,0,0.0,3.140124457985821e-06,7.850311144964552e-05,7.76528277834722e-07,1.941320694586805e-05,1.9583263679102716e-06,4.8958159197756785e-05,-1.8039197395194328e-05,-0.0004509799348798582,-2.1428571428571886e-05,-0.0005357142857142971,-1.070995911934416e-05,-0.000267748977983604
CTS - RightCuneus,3,0.12,0,0.0,0,0.0,0,0.0,6.061903917920582e-07,5.051586598267152e-06,3.295852425149976e-06,2.74654368762498e-05,1.951021408471017e-06,1.6258511737258474e-05,2.38837023313776e-05,0.00019903085276148,1.895734597156329e-05,0.00015797788309636072,-2.7915510357655384e-05,-0.00023262925298046152
CTS - RightInferiorParietal,5,0.2,0,0.0,0,0.0,0,0.0,0.0,0.0,3.817048512109315e-06,1.9085242560546577e-05,1.9085242560546577e-06,9.542621280273288e-06,-4.009462522569667e-05,-0.0002004731261284833,-3.8347403407270964e-05,-0.00019173701703635481,3.838251094949312e-05,0.0001919125547474656
CT - LeftLingual,9,0.36,0,0.0,0,0.0,0,0.0,3.6500820616077627e-06,1.013911683779934e-05,0.0,0.0,1.8250410308038814e-06,5.06955841889967e-06,-0.00021657022137819466,-0.000601583948272763,-0.00017740584806220542,-0.000492794022395015,7.812368063444647e-05,0.00021701022398457352
CT - LeftInsula,2,0.08,0,0.0,0,0.0,0,0.0,1.9381290480080634e-06,2.422661310010079e-05,1.5554289902354772e-06,1.9442862377943464e-05,1.7467790191217703e-06,2.183473773902213e-05,2.280660639587673e-06,2.850825799484591e-05,1.9047619047618981e-06,2.3809523809523725e-05,-8.571534117929635e-05,-0.0010714417647412044
CT - RightCuneus,1,0.04,0,0.0,0,0.0,0,0.0,3.489226357825349e-06,8.723065894563372e-05,0.0,0.0,1.7446131789126745e-06,4.361532947281686e-05,-9.558688426240938e-05,-0.0023896721065602344,-0.00011225222146274527,-0.002806305536568632,-6.780799840832552e-05,-0.001695199960208138
SA - LeftMiddleTemporal,1,0.04,0,0.0,0,0.0,0,0.0,3.3697966906879504e-06,8.424491726719876e-05,0.0,0.0,1.6848983453439752e-06,4.212245863359938e-05,-2.2883358818145092e-05,-0.0005720839704536273,-1.9047619047619246e-05,-0.0004761904761904812,-4.305046848960465e-05,-0.0010762617122401163
CDGLOBAL,4,0.16,0,0.0,0,0.0,0,0.0,1.044166132622954e-06,6.526038328893462e-06,2.1914076605148526e-06,1.3696297878217829e-05,1.6177868965689032e-06,1.0111168103555646e-05,2.353861768296017e-06,1.4711636051850107e-05,1.8957345971563734e-06,1.1848341232227334e-05,-7.896326456891156e-06,-4.935204035556973e-05
CTS - LeftCuneus,5,0.2,0,0.0,0,0.0,0,0.0,2.602881859242201e-06,1.3014409296211004e-05,0.0,0.0,1.3014409296211005e-06,6.507204648105502e-06,-8.091059231039636e-05,-0.00040455296155198183,-6.516352193578286e-05,-0.00032581760967891423,-7.126407493340707e-05,-0.0003563203746670354
CV - RightPostcentral,1,0.04,0,0.0,0,0.0,0,0.0,2.3793260152925815e-06,5.948315038231454e-05,0.0,0.0,1.1896630076462908e-06,2.974157519115727e-05,0.0,0.0,0.0,0.0,0.0,0.0
CTS - LeftCaudalMiddleFrontal,5,0.2,0,0.0,0,0.0,0,0.0,2.360433670169897e-06,1.1802168350849484e-05,0.0,0.0,1.1802168350849484e-06,5.901084175424742e-06,3.3644837750324805e-05,0.00016822418875162403,2.5820444210313993e-05,0.00012910222105156998,1.0857566203971554e-05,5.428783101985776e-05
CTS - LeftSuperiorTemporal,7,0.28,0,0.0,0,0.0,0,0.0,2.2697039016493407e-06,8.106085363033358e-06,0.0,0.0,1.1348519508246703e-06,4.053042681516679e-06,-3.710257406289968e-05,-0.00013250919308178456,-4.868687062500987e-05,-0.00017388168080360668,-2.608619151502208e-05,-9.316496969650742e-05
SA - LeftSuperiorParietal,1,0.04,0,0.0,0,0.0,0,0.0,2.222838881937787e-06,5.557097204844468e-05,0.0,0.0,1.1114194409688935e-06,2.778548602422234e-05,4.540376943910243e-05,0.0011350942359775607,3.601895734597109e-05,0.0009004739336492773,-4.6219894320492115e-06,-0.00011554973580123029
CV - LeftMedialOrbitofrontal,2,0.08,0,0.0,0,0.0,0,0.0,0.0,0.0,2.1339522496754255e-06,2.6674403120942818e-05,1.0669761248377127e-06,1.3337201560471409e-05,-8.220906304029006e-06,-0.00010276132880036258,-7.736402617919413e-06,-9.670503272399267e-05,-7.290077823360264e-05,-0.000911259727920033
CT - LeftLateralOrbitofrontal,2,0.08,0,0.0,0,0.0,0,0.0,1.7193133469161294e-06,2.1491416836451618e-05,0.0,0.0,8.596566734580647e-07,1.0745708418225809e-05,-2.3777713581388583e-06,-2.9722141976735728e-05,-1.91387559808609e-06,-2.3923444976076125e-05,-3.408378973869883e-05,-0.0004260473717337354
SA - RightParahippocampal,2,0.08,0,0.0,0,0.0,0,0.0,1.7014489246822327e-06,2.126811155852791e-05,0.0,0.0,8.507244623411163e-07,1.0634055779263954e-05,-3.299662721701416e-06,-4.1245784021267697e-05,-1.8233082706765203e-05,-0.00022791353383456504,3.3213624140854846e-05,0.0004151703017606856
CV - RightCaudalMiddleFrontal,1,0.04,0,0.0,0,0.0,0,0.0,1.4998380846618323e-06,3.749595211654581e-05,0.0,0.0,7.499190423309161e-07,1.8747976058272904e-05,-0.00015253107310891778,-0.0038132768277229444,-0.00011803883739462293,-0.0029509709348655732,-6.582635156603808e-05,-0.0016456587891509522
CT - LeftPostcentral,3,0.12,0,0.0,0,0.0,0,0.0,4.980987919159743e-07,4.150823265966453e-06,9.093673926772886e-07,7.578061605644072e-06,7.037330922966315e-07,5.864442435805262e-06,-0.00012896988330285,-0.0010747490275237498,-0.0001043466486120514,-0.0008695554051004283,-2.687678340101707e-05,-0.00022397319500847557
CT - LeftPosteriorCingulate,7,0.28,0,0.0,0,0.0,0,0.0,1.358692308553867e-06,4.852472530549525e-06,0.0,0.0,6.793461542769335e-07,2.4262362652747626e-06,0.00012533684019239041,0.00044763157211568,0.00010348410803668946,0.0003695861001310338,-0.00013232798671636542,-0.00047259995255844784
CT - RightCaudalMiddleFrontal,8,0.32,0,0.0,0,0.0,0,0.0,1.0081112471065734e-06,3.1503476472080418e-06,0.0,0.0,5.040556235532867e-07,1.5751738236040209e-06,-0.000356002407142467,-0.0011125075223202094,-0.00038372553313216734,-0.001199142291038023,-0.00017365850799614717,-0.0005426828374879599
CTS - RightParsOpercularis,5,0.2,0,0.0,0,0.0,0,0.0,8.563453594531204e-07,4.281726797265602e-06,0.0,0.0,4.281726797265602e-07,2.140863398632801e-06,-0.00028979821862765235,-0.0014489910931382618,-0.00026354172143646,-0.0013177086071823,-2.08674426193931e-05,-0.00010433721309696552
SV - RightLateralVentricle,2,0.08,0,0.0,0,0.0,0,0.0,7.093678996396603e-07,8.867098745495753e-06,0.0,0.0,3.5468394981983014e-07,4.433549372747877e-06,4.902470821643181e-05,0.0006128088527053977,-1.0167464114827044e-05,-0.00012709330143533806,-5.293950960628848e-05,-0.000661743870078606
CT - RightLateralOrbitofrontal,1,0.04,0,0.0,0,0.0,0,0.0,0.0,0.0,6.668951084790705e-07,1.6672377711976763e-05,3.3344755423953523e-07,8.336188855988381e-06,0.0,0.0,0.0,0.0,5.098090094714535e-06,0.00012745225236786338
CTS - LeftFrontalPole,3,0.12,0,0.0,0,0.0,0,0.0,0.0,0.0,6.475248097519309e-07,5.39604008126609e-06,3.2376240487596544e-07,2.698020040633045e-06,2.864035978642789e-05,0.0002386696648868991,2.274881516587568e-05,0.00018957345971563067,-5.083316503037221e-05,-0.00042360970858643505
CTS - RightFusiform,4,0.16,0,0.0,0,0.0,0,0.0,2.2185904899512847e-07,1.386619056219553e-06,0.0,0.0,1.1092952449756423e-07,6.933095281097765e-07,-0.00016926424618591372,-0.0010579015386619607,-0.00013752278527160477,-0.0008595174079475299,1.0231500129771232e-07,6.394687581107021e-07
SA - RightInsula,0,0.0,0,0.0,0,0.0,0,0.0,0.0,0.0,0.0,0.0,0.0,0.0,0.0,0.0,0.0,0.0,0.0,0.0
SA - LeftCaudalMiddleFrontal,0,0.0,0,0.0,0,0.0,0,0.0,0.0,0.0,0.0,0.0,0.0,0.0,0.0,0.0,0.0,0.0,0.0,0.0
SV - LeftCaudate,0,0.0,0,0.0,0,0.0,0,0.0,0.0,0.0,0.0,0.0,0.0,0.0,0.0,0.0,0.0,0.0,0.0,0.0
SV - LeftCerebellumWM,1,0.04,0,0.0,0,0.0,0,0.0,0.0,0.0,0.0,0.0,0.0,0.0,0.0,0.0,0.0,0.0,0.0,0.0
SV - LeftCerebellumCortex,0,0.0,0,0.0,0,0.0,0,0.0,0.0,0.0,0.0,0.0,0.0,0.0,0.0,0.0,0.0,0.0,0.0,0.0
SV - LeftChoroidPlexus,0,0.0,0,0.0,0,0.0,0,0.0,0.0,0.0,0.0,0.0,0.0,0.0,0.0,0.0,0.0,0.0,0.0,0.0
SA - LeftBankssts,0,0.0,0,0.0,0,0.0,0,0.0,0.0,0.0,0.0,0.0,0.0,0.0,0.0,0.0,0.0,0.0,0.0,0.0
SA - LeftCaudalAnteriorCingulate,0,0.0,0,0.0,0,0.0,0,0.0,0.0,0.0,0.0,0.0,0.0,0.0,0.0,0.0,0.0,0.0,0.0,0.0
CV - LeftCaudalAnteriorCingulate,1,0.04,0,0.0,0,0.0,0,0.0,0.0,0.0,0.0,0.0,0.0,0.0,0.0,0.0,0.0,0.0,2.4736158758502392e-05,0.0006184039689625598
CV - LeftCaudalMiddleFrontal,0,0.0,0,0.0,0,0.0,0,0.0,0.0,0.0,0.0,0.0,0.0,0.0,0.0,0.0,0.0,0.0,0.0,0.0
CV - RightTemporalPole,0,0.0,0,0.0,0,0.0,0,0.0,0.0,0.0,0.0,0.0,0.0,0.0,0.0,0.0,0.0,0.0,0.0,0.0
CT - LeftCaudalAnteriorCingulate,0,0.0,0,0.0,0,0.0,0,0.0,0.0,0.0,0.0,0.0,0.0,0.0,0.0,0.0,0.0,0.0,0.0,0.0
CTS - LeftCaudalAnteriorCingulate,0,0.0,0,0.0,0,0.0,0,0.0,0.0,0.0,0.0,0.0,0.0,0.0,0.0,0.0,0.0,0.0,0.0,0.0
SA - RightTemporalPole,1,0.04,0,0.0,0,0.0,0,0.0,0.0,0.0,0.0,0.0,0.0,0.0,5.018311359058689e-05,0.0012545778397646723,3.981042654028384e-05,0.000995260663507096,-8.589091609398824e-06,-0.0002147272902349706
CTS - RightTemporalPole,1,0.04,0,0.0,0,0.0,0,0.0,0.0,0.0,0.0,0.0,0.0,0.0,0.0,0.0,0.0,0.0,0.0,0.0
CV - RightTransverseTemporal,0,0.0,0,0.0,0,0.0,0,0.0,0.0,0.0,0.0,0.0,0.0,0.0,0.0,0.0,0.0,0.0,0.0,0.0
SV - RightThalamus,0,0.0,0,0.0,0,0.0,0,0.0,0.0,0.0,0.0,0.0,0.0,0.0,0.0,0.0,0.0,0.0,0.0,0.0
SA - RightParsOrbitalis,2,0.08,0,0.0,0,0.0,0,0.0,0.0,0.0,0.0,0.0,0.0,0.0,6.691081812078253e-05,0.0008363852265097816,5.308056872037845e-05,0.0006635071090047306,1.3058277872914736e-05,0.0001632284734114342
CT - RightParsOrbitalis,0,0.0,0,0.0,0,0.0,0,0.0,0.0,0.0,0.0,0.0,0.0,0.0,0.0,0.0,0.0,0.0,0.0,0.0
SA - RightParsTriangularis,0,0.0,0,0.0,0,0.0,0,0.0,0.0,0.0,0.0,0.0,0.0,0.0,0.0,0.0,0.0,0.0,0.0,0.0
SA - RightMiddleTemporal,0,0.0,0,0.0,0,0.0,0,0.0,0.0,0.0,0.0,0.0,0.0,0.0,0.0,0.0,0.0,0.0,0.0,0.0
CV - RightLingual,0,0.0,0,0.0,0,0.0,0,0.0,0.0,0.0,0.0,0.0,0.0,0.0,0.0,0.0,0.0,0.0,0.0,0.0
SA - RightLingual,0,0.0,0,0.0,0,0.0,0,0.0,0.0,0.0,0.0,0.0,0.0,0.0,0.0,0.0,0.0,0.0,0.0,0.0
CV - RightMedialOrbitofrontal,0,0.0,0,0.0,0,0.0,0,0.0,0.0,0.0,0.0,0.0,0.0,0.0,0.0,0.0,0.0,0.0,0.0,0.0
SV - FourthVentricle,0,0.0,0,0.0,0,0.0,0,0.0,0.0,0.0,0.0,0.0,0.0,0.0,0.0,0.0,0.0,0.0,0.0,0.0
CTS - LeftInsula,0,0.0,0,0.0,0,0.0,0,0.0,0.0,0.0,0.0,0.0,0.0,0.0,0.0,0.0,0.0,0.0,0.0,0.0
CTS - RightParsOrbitalis,0,0.0,0,0.0,0,0.0,0,0.0,0.0,0.0,0.0,0.0,0.0,0.0,0.0,0.0,0.0,0.0,0.0,0.0
CV - RightParacentral,0,0.0,0,0.0,0,0.0,0,0.0,0.0,0.0,0.0,0.0,0.0,0.0,0.0,0.0,0.0,0.0,0.0,0.0
AGE,0,0.0,0,0.0,0,0.0,0,0.0,0.0,0.0,0.0,0.0,0.0,0.0,0.0,0.0,0.0,0.0,0.0,0.0
PTGENDER,0,0.0,0,0.0,0,0.0,0,0.0,0.0,0.0,0.0,0.0,0.0,0.0,0.0,0.0,0.0,0.0,0.0,0.0
SV - RightPallidum,0,0.0,0,0.0,0,0.0,0,0.0,0.0,0.0,0.0,0.0,0.0,0.0,0.0,0.0,0.0,0.0,0.0,0.0
PTHAND,0,0.0,0,0.0,0,0.0,0,0.0,0.0,0.0,0.0,0.0,0.0,0.0,0.0,0.0,0.0,0.0,0.0,0.0
SA - RightMedialOrbitofrontal,0,0.0,0,0.0,0,0.0,0,0.0,0.0,0.0,0.0,0.0,0.0,0.0,0.0,0.0,0.0,0.0,0.0,0.0
CTS - LeftPostcentral,3,0.12,0,0.0,0,0.0,0,0.0,0.0,0.0,0.0,0.0,0.0,0.0,-3.849818559710761e-05,-0.0003208182133092301,-2.9987074536838686e-05,-0.00024989228780698906,-1.4513540787493894e-05,-0.00012094617322911578
CV - LeftPosteriorCingulate,2,0.08,0,0.0,0,0.0,0,0.0,0.0,0.0,0.0,0.0,0.0,0.0,0.00018237716857792525,0.0022797146072240657,0.0001890856655542306,0.0023635708194278825,-4.2461297061021864e-05,-0.0005307662132627733
SA - LeftPosteriorCingulate,0,0.0,0,0.0,0,0.0,0,0.0,0.0,0.0,0.0,0.0,0.0,0.0,0.0,0.0,0.0,0.0,0.0,0.0
CTS - LeftPosteriorCingulate,0,0.0,0,0.0,0,0.0,0,0.0,0.0,0.0,0.0,0.0,0.0,0.0,0.0,0.0,0.0,0.0,0.0,0.0
CT - LeftParacentral,1,0.04,0,0.0,0,0.0,0,0.0,0.0,0.0,0.0,0.0,0.0,0.0,0.0,0.0,0.0,0.0,2.5959813487262726e-06,6.489953371815682e-05
CTS - LeftParsOrbitalis,5,0.2,0,0.0,0,0.0,0,0.0,0.0,0.0,0.0,0.0,0.0,0.0,-0.00018563372476920525,-0.0009281686238460263,-0.0001765523575950133,-0.0008827617879750664,-9.080982469603099e-05,-0.00045404912348015496
SA - LeftParsOpercularis,0,0.0,0,0.0,0,0.0,0,0.0,0.0,0.0,0.0,0.0,0.0,0.0,0.0,0.0,0.0,0.0,0.0,0.0
SA - LeftParahippocampal,2,0.08,0,0.0,0,0.0,0,0.0,0.0,0.0,0.0,0.0,0.0,0.0,1.1906341297782229e-05,0.00014882926622227787,9.569377990430894e-06,0.00011961722488038618,1.6924128211617263e-05,0.00021155160264521577
SV - LeftLateralVentricle,0,0.0,0,0.0,0,0.0,0,0.0,0.0,0.0,0.0,0.0,0.0,0.0,0.0,0.0,0.0,0.0,0.0,0.0
CT - LeftParsOrbitalis,1,0.04,0,0.0,0,0.0,0,0.0,0.0,0.0,0.0,0.0,0.0,0.0,6.688828071843762e-05,0.0016722070179609405,5.308056872037819e-05,0.0013270142180094547,-1.0532694202835912e-05,-0.0002633173550708978
SV - ThirdVentricle,1,0.04,0,0.0,0,0.0,0,0.0,0.0,0.0,0.0,0.0,0.0,0.0,1.1906341297782229e-05,0.00029765853244455575,9.569377990430894e-06,0.00023923444976077236,-1.0712417997388003e-05,-0.00026781044993470007
SV - WMHypoIntensities,1,0.04,0,0.0,0,0.0,0,0.0,0.0,0.0,0.0,0.0,0.0,0.0,-0.0001236447818696325,-0.0030911195467408126,-9.952153110047668e-05,-0.002488038277511917,-5.479541650252706e-06,-0.00013698854125631765
SA - LeftMedialOrbitofrontal,0,0.0,0,0.0,0,0.0,0,0.0,0.0,0.0,0.0,0.0,0.0,0.0,0.0,0.0,0.0,0.0,0.0,0.0
CTS - LeftLingual,6,0.24,0,0.0,0,0.0,0,0.0,0.0,0.0,0.0,0.0,0.0,0.0,-9.566601611343999e-06,-3.986084004726666e-05,-8.065898930204444e-06,-3.360791220918518e-05,-3.0101159004951406e-05,-0.0001254214958539642
SA - LeftLingual,0,0.0,0,0.0,0,0.0,0,0.0,0.0,0.0,0.0,0.0,0.0,0.0,0.0,0.0,0.0,0.0,0.0,0.0
CV - LeftLingual,0,0.0,0,0.0,0,0.0,0,0.0,0.0,0.0,0.0,0.0,0.0,0.0,0.0,0.0,0.0,0.0,0.0,0.0
SA - LeftInsula,0,0.0,0,0.0,0,0.0,0,0.0,0.0,0.0,0.0,0.0,0.0,0.0,0.0,0.0,0.0,0.0,0.0,0.0
SV - RightVentralDC,0,0.0,0,0.0,0,0.0,0,0.0,0.0,0.0,0.0,0.0,0.0,0.0,0.0,0.0,0.0,0.0,0.0,0.0
SV - RightVessel,1,0.04,0,0.0,0,0.0,0,0.0,0.0,0.0,0.0,0.0,0.0,0.0,0.0,0.0,0.0,0.0,0.0,0.0
SA - LeftLateralOrbitofrontal,0,0.0,0,0.0,0,0.0,0,0.0,0.0,0.0,0.0,0.0,0.0,0.0,0.0,0.0,0.0,0.0,0.0,0.0
CV - LeftFrontalPole,1,0.04,0,0.0,0,0.0,0,0.0,0.0,0.0,0.0,0.0,0.0,0.0,-8.023520954361256e-05,-0.002005880238590314,-5.119047619047716e-05,-0.0012797619047619291,-3.80294508334706e-05,-0.000950736270836765
CTS - LeftInferiorTemporal,0,0.0,0,0.0,0,0.0,0,0.0,0.0,0.0,0.0,0.0,0.0,0.0,0.0,0.0,0.0,0.0,0.0,0.0
SA - LeftInferiorTemporal,1,0.04,0,0.0,0,0.0,0,0.0,0.0,0.0,0.0,0.0,0.0,0.0,-6.182205531161032e-05,-0.0015455513827902579,-4.976076555023834e-05,-0.0012440191387559584,7.52088338811756e-06,0.000188022084702939
SA - LeftIsthmusCingulate,0,0.0,0,0.0,0,0.0,0,0.0,0.0,0.0,0.0,0.0,0.0,0.0,0.0,0.0,0.0,0.0,0.0,0.0
SV - LeftPallidum,0,0.0,0,0.0,0,0.0,0,0.0,0.0,0.0,0.0,0.0,0.0,0.0,0.0,0.0,0.0,0.0,0.0,0.0
CV - LeftParacentral,0,0.0,0,0.0,0,0.0,0,0.0,0.0,0.0,0.0,0.0,0.0,0.0,0.0,0.0,0.0,0.0,0.0,0.0
CTS - LeftMedialOrbitofrontal,2,0.08,0,0.0,0,0.0,0,0.0,0.0,0.0,0.0,0.0,0.0,0.0,6.935410451276684e-05,0.0008669263064095855,5.481224936201104e-05,0.0006851531170251379,9.150804203221945e-05,0.001143850525402743
SV - CorpusCallosumCentral,3,0.12,0,0.0,0,0.0,0,0.0,0.0,0.0,0.0,0.0,0.0,0.0,-0.00017030600935041048,-0.001419216744586754,-0.0001858630581192302,-0.0015488588176602515,-9.9347946630491e-05,-0.0008278995552540917
CT - RightSuperiorParietal,6,0.24,0,0.0,0,0.0,0,0.0,0.0,0.0,0.0,0.0,0.0,0.0,-6.506039775690738e-05,-0.0002710849906537808,-6.731382215067203e-05,-0.0002804742589611335,-4.591821038206357e-05,-0.00019132587659193156
SA - RightSuperiorParietal,0,0.0,0,0.0,0,0.0,0,0.0,0.0,0.0,0.0,0.0,0.0,0.0,0.0,0.0,0.0,0.0,0.0,0.0
CV - RightSuperiorParietal,1,0.04,0,0.0,0,0.0,0,0.0,0.0,0.0,0.0,0.0,0.0,0.0,0.0,0.0,0.0,0.0,-1.3849417550028686e-05,-0.00034623543875071715
SA - RightSuperiorFrontal,0,0.0,0,0.0,0,0.0,0,0.0,0.0,0.0,0.0,0.0,0.0,0.0,0.0,0.0,0.0,0.0,0.0,0.0
SA - LeftInferiorParietal,0,0.0,0,0.0,0,0.0,0,0.0,0.0,0.0,0.0,0.0,0.0,0.0,0.0,0.0,0.0,0.0,0.0,0.0
SA -  (aparc.stats) of LeftHemisphereWM,3,0.12,0,0.0,0,0.0,0,0.0,0.0,0.0,0.0,0.0,0.0,0.0,-9.855417104638987e-05,-0.0008212847587199156,-7.908538829591434e-05,-0.0006590449024659528,-9.202942179616914e-05,-0.0007669118483014095
SV - CorpusCallosumAnterior,0,0.0,0,0.0,0,0.0,0,0.0,0.0,0.0,0.0,0.0,0.0,0.0,0.0,0.0,0.0,0.0,0.0,0.0
CTS - LeftFusiform,4,0.16,0,0.0,0,0.0,0,0.0,0.0,0.0,0.0,0.0,0.0,0.0,7.278982481162304e-05,0.000454936405072644,7.645930590819666e-05,0.00047787066192622914,-3.728675644873469e-05,-0.0002330422278045918
SA - LeftFusiform,1,0.04,0,0.0,0,0.0,0,0.0,0.0,0.0,0.0,0.0,0.0,0.0,-2.4114098809884686e-06,-6.028524702471172e-05,-1.9138755980862676e-06,-4.784688995215669e-05,-1.0489721397025154e-05,-0.00026224303492562885
CTS - LeftLateralOrbitofrontal,1,0.04,0,0.0,0,0.0,0,0.0,0.0,0.0,0.0,0.0,0.0,0.0,0.0,0.0,0.0,0.0,-3.7791055129124726e-06,-9.447763782281182e-05
CTS - LeftLateralOccipital,1,0.04,0,0.0,0,0.0,0,0.0,0.0,0.0,0.0,0.0,0.0,0.0,0.0,0.0,0.0,0.0,1.9918981399740685e-06,4.9797453499351717e-05
SA - LeftLateralOccipital,0,0.0,0,0.0,0,0.0,0,0.0,0.0,0.0,0.0,0.0,0.0,0.0,0.0,0.0,0.0,0.0,0.0,0.0
CV - LeftLateralOrbitofrontal,2,0.08,0,0.0,0,0.0,0,0.0,0.0,0.0,0.0,0.0,0.0,0.0,-4.567189328456145e-06,-5.708986660570181e-05,-3.8095238095237963e-06,-4.761904761904745e-05,-0.00011005038618232304,-0.001375629827279038
CTS - LeftEntorhinal,0,0.0,0,0.0,0,0.0,0,0.0,0.0,0.0,0.0,0.0,0.0,0.0,0.0,0.0,0.0,0.0,0.0,0.0
SA - LeftEntorhinal,0,0.0,0,0.0,0,0.0,0,0.0,0.0,0.0,0.0,0.0,0.0,0.0,0.0,0.0,0.0,0.0,0.0,0.0
CT - LeftCuneus,1,0.04,0,0.0,0,0.0,0,0.0,0.0,0.0,0.0,0.0,0.0,0.0,0.0,0.0,0.0,0.0,-2.34713738537895e-07,-5.8678434634473755e-06
SA - LeftCuneus,0,0.0,0,0.0,0,0.0,0,0.0,0.0,0.0,0.0,0.0,0.0,0.0,0.0,0.0,0.0,0.0,0.0,0.0
CV - LeftCuneus,0,0.0,0,0.0,0,0.0,0,0.0,0.0,0.0,0.0,0.0,0.0,0.0,0.0,0.0,0.0,0.0,0.0,0.0
SA - LeftPrecentral,0,0.0,0,0.0,0,0.0,0,0.0,0.0,0.0,0.0,0.0,0.0,0.0,0.0,0.0,0.0,0.0,0.0,0.0
CV - LeftPrecentral,1,0.04,0,0.0,0,0.0,0,0.0,0.0,0.0,0.0,0.0,0.0,0.0,-7.079143459107025e-05,-0.0017697858647767561,-5.904761904761884e-05,-0.001476190476190471,1.3153736487546565e-05,0.0003288434121886641
SA - LeftSupramarginal,0,0.0,0,0.0,0,0.0,0,0.0,0.0,0.0,0.0,0.0,0.0,0.0,0.0,0.0,0.0,0.0,0.0,0.0
CV - LeftRostralAnteriorCingulate,0,0.0,0,0.0,0,0.0,0,0.0,0.0,0.0,0.0,0.0,0.0,0.0,0.0,0.0,0.0,0.0,0.0,0.0
SV - RightPutamen,2,0.08,0,0.0,0,0.0,0,0.0,0.0,0.0,0.0,0.0,0.0,0.0,-2.1329485515176482e-05,-0.00026661856893970604,-1.7289377289377935e-05,-0.0002161172161172242,-7.078037389231913e-05,-0.0008847546736539891
CT - LeftRostralAnteriorCingulate,0,0.0,0,0.0,0,0.0,0,0.0,0.0,0.0,0.0,0.0,0.0,0.0,0.0,0.0,0.0,0.0,0.0,0.0
SA - RightPrecentral,0,0.0,0,0.0,0,0.0,0,0.0,0.0,0.0,0.0,0.0,0.0,0.0,0.0,0.0,0.0,0.0,0.0,0.0
SA - RightSupramarginal,0,0.0,0,0.0,0,0.0,0,0.0,0.0,0.0,0.0,0.0,0.0,0.0,0.0,0.0,0.0,0.0,0.0,0.0
SA - LeftRostralAnteriorCingulate,0,0.0,0,0.0,0,0.0,0,0.0,0.0,0.0,0.0,0.0,0.0,0.0,0.0,0.0,0.0,0.0,0.0,0.0
SA - LeftPostcentral,0,0.0,0,0.0,0,0.0,0,0.0,0.0,0.0,0.0,0.0,0.0,0.0,0.0,0.0,0.0,0.0,0.0,0.0
CTS - LeftParsTriangularis,5,0.2,0,0.0,0,0.0,0,0.0,0.0,0.0,0.0,0.0,0.0,0.0,1.1884733953992036e-05,5.942366976996018e-05,9.38796798113364e-06,4.69398399056682e-05,-0.0001099492115860052,-0.000549746057930026
CV - LeftPericalcarine,0,0.0,0,0.0,0,0.0,0,0.0,0.0,0.0,0.0,0.0,0.0,0.0,0.0,0.0,0.0,0.0,0.0,0.0
CTS - LeftRostralAnteriorCingulate,0,0.0,0,0.0,0,0.0,0,0.0,0.0,0.0,0.0,0.0,0.0,0.0,0.0,0.0,0.0,0.0,0.0,0.0
SA - LeftRostralMiddleFrontal,0,0.0,0,0.0,0,0.0,0,0.0,0.0,0.0,0.0,0.0,0.0,0.0,0.0,0.0,0.0,0.0,0.0,0.0
CT - LeftPericalcarine,0,0.0,0,0.0,0,0.0,0,0.0,0.0,0.0,0.0,0.0,0.0,0.0,0.0,0.0,0.0,0.0,0.0,0.0
SA - LeftPericalcarine,0,0.0,0,0.0,0,0.0,0,0.0,0.0,0.0,0.0,0.0,0.0,0.0,0.0,0.0,0.0,0.0,0.0,0.0
CTS - LeftPericalcarine,2,0.08,0,0.0,0,0.0,0,0.0,0.0,0.0,0.0,0.0,0.0,0.0,-0.00023820248511122937,-0.0029775310638903672,-0.0002043916609706061,-0.0025548957621325764,-5.6484710098048386e-05,-0.0007060588762256048
CV - LeftPostcentral,2,0.08,0,0.0,0,0.0,0,0.0,0.0,0.0,0.0,0.0,0.0,0.0,0.0,0.0,0.0,0.0,-6.626284079851352e-06,-8.28285509981419e-05
SA - RightPericalcarine,0,0.0,0,0.0,0,0.0,0,0.0,0.0,0.0,0.0,0.0,0.0,0.0,0.0,0.0,0.0,0.0,0.0,0.0
CT - RightPericalcarine,0,0.0,0,0.0,0,0.0,0,0.0,0.0,0.0,0.0,0.0,0.0,0.0,0.0,0.0,0.0,0.0,0.0,0.0
CTS - RightCaudalAnteriorCingulate,0,0.0,0,0.0,0,0.0,0,0.0,0.0,0.0,0.0,0.0,0.0,0.0,0.0,0.0,0.0,0.0,0.0,0.0
SA - RightPostcentral,0,0.0,0,0.0,0,0.0,0,0.0,0.0,0.0,0.0,0.0,0.0,0.0,0.0,0.0,0.0,0.0,0.0,0.0
SA - RightCaudalMiddleFrontal,0,0.0,0,0.0,0,0.0,0,0.0,0.0,0.0,0.0,0.0,0.0,0.0,0.0,0.0,0.0,0.0,0.0,0.0
SV - CorpusCallosumMidPosterior,0,0.0,0,0.0,0,0.0,0,0.0,0.0,0.0,0.0,0.0,0.0,0.0,0.0,0.0,0.0,0.0,0.0,0.0
SV - RightCaudate,0,0.0,0,0.0,0,0.0,0,0.0,0.0,0.0,0.0,0.0,0.0,0.0,0.0,0.0,0.0,0.0,0.0,0.0
SV - RightCerebellumCortex,0,0.0,0,0.0,1,0.04,1,0.04,0.0,0.0,0.0,0.0,0.0,0.0,0.0,0.0,0.0,0.0,0.0,0.0
CV - LeftTemporalPole,0,0.0,0,0.0,0,0.0,0,0.0,0.0,0.0,0.0,0.0,0.0,0.0,0.0,0.0,0.0,0.0,0.0,0.0
CTS - LeftTemporalPole,0,0.0,0,0.0,0,0.0,0,0.0,0.0,0.0,0.0,0.0,0.0,0.0,0.0,0.0,0.0,0.0,0.0,0.0
SV - RightCerebellumWM,0,0.0,0,0.0,0,0.0,0,0.0,0.0,0.0,0.0,0.0,0.0,0.0,0.0,0.0,0.0,0.0,0.0,0.0
SV - LeftVessel,0,0.0,0,0.0,0,0.0,0,0.0,0.0,0.0,0.0,0.0,0.0,0.0,0.0,0.0,0.0,0.0,0.0,0.0
CTS - LeftTransverseTemporal,3,0.12,0,0.0,0,0.0,0,0.0,0.0,0.0,0.0,0.0,0.0,0.0,-0.00013300061459217946,-0.001108338454934829,-0.0001282125768967856,-0.0010684381408065469,-5.951988960030708e-05,-0.0004959990800025589
CT - LeftTransverseTemporal,1,0.04,0,0.0,0,0.0,0,0.0,0.0,0.0,0.0,0.0,0.0,0.0,-9.524540163198338e-05,-0.0023811350407995846,-7.692307692307985e-05,-0.0019230769230769963,-9.528648797974881e-06,-0.00023821621994937203
CV - LeftTransverseTemporal,1,0.04,0,0.0,0,0.0,0,0.0,0.0,0.0,0.0,0.0,0.0,0.0,0.0,0.0,0.0,0.0,0.0,0.0
SV - LeftThalamus,0,0.0,0,0.0,0,0.0,0,0.0,0.0,0.0,0.0,0.0,0.0,0.0,0.0,0.0,0.0,0.0,0.0,0.0
SA - LeftSuperiorFrontal,0,0.0,0,0.0,0,0.0,0,0.0,0.0,0.0,0.0,0.0,0.0,0.0,0.0,0.0,0.0,0.0,0.0,0.0
CV - LeftSuperiorFrontal,1,0.04,0,0.0,0,0.0,0,0.0,0.0,0.0,0.0,0.0,0.0,0.0,-2.2835946642280725e-05,-0.0005708986660570182,-1.9047619047618982e-05,-0.0004761904761904745,1.645313384320879e-05,0.00041132834608021974
SA - LeftSuperiorTemporal,0,0.0,0,0.0,0,0.0,0,0.0,0.0,0.0,0.0,0.0,0.0,0.0,0.0,0.0,0.0,0.0,0.0,0.0
SV - CorpusCallosumPosterior,0,0.0,0,0.0,0,0.0,0,0.0,0.0,0.0,0.0,0.0,0.0,0.0,0.0,0.0,0.0,0.0,0.0,0.0
SV - OpticChiasm,0,0.0,0,0.0,0,0.0,0,0.0,0.0,0.0,0.0,0.0,0.0,0.0,0.0,0.0,0.0,0.0,0.0,0.0
SV - LeftVentralDC,0,0.0,0,0.0,1,0.04,1,0.04,0.0,0.0,0.0,0.0,0.0,0.0,0.0,0.0,0.0,0.0,0.0,0.0
CT - RightPrecentral,1,0.04,0,0.0,0,0.0,0,0.0,0.0,0.0,0.0,0.0,0.0,0.0,-2.9686730634964944e-05,-0.0007421682658741236,-2.4761904761904674e-05,-0.0006190476190476168,-3.3439935032475976e-05,-0.0008359983758118994
SA - RightPrecuneus,0,0.0,0,0.0,0,0.0,0,0.0,0.0,0.0,0.0,0.0,0.0,0.0,0.0,0.0,0.0,0.0,0.0,0.0
CTS - RightSuperiorTemporal,3,0.12,0,0.0,0,0.0,0,0.0,0.0,0.0,0.0,0.0,0.0,0.0,9.07021936972515e-05,0.0007558516141437625,7.220118370031132e-05,0.0006016765308359276,-5.441744955899707e-06,-4.5347874632497556e-05
CV - RightSupramarginal,1,0.04,0,0.0,0,0.0,0,0.0,0.0,0.0,0.0,0.0,0.0,0.0,-4.567189328456145e-05,-0.0011417973321140363,-3.8095238095237963e-05,-0.000952380952380949,1.0583086145473696e-05,0.0002645771536368424
SA - LeftPrecuneus,0,0.0,0,0.0,0,0.0,0,0.0,0.0,0.0,0.0,0.0,0.0,0.0,0.0,0.0,0.0,0.0,0.0,0.0
SA - RightSuperiorTemporal,0,0.0,0,0.0,0,0.0,0,0.0,0.0,0.0,0.0,0.0,0.0,0.0,0.0,0.0,0.0,0.0,0.0,0.0
CTS - LeftPrecentral,3,0.12,0,0.0,0,0.0,0,0.0,0.0,0.0,0.0,0.0,0.0,0.0,-7.202864134942999e-06,-6.002386779119166e-05,-5.687203791470275e-06,-4.739336492891896e-05,5.8459229140963044e-05,0.0004871602428413587
CT - RightCaudalAnteriorCingulate,0,0.0,0,0.0,0,0.0,0,0.0,0.0,0.0,0.0,0.0,0.0,0.0,0.0,0.0,0.0,0.0,0.0,0.0
CV - RightPericalcarine,0,0.0,0,0.0,0,0.0,0,0.0,0.0,0.0,0.0,0.0,0.0,0.0,0.0,0.0,0.0,0.0,0.0,0.0
CTS - RightRostralAnteriorCingulate,0,0.0,0,0.0,0,0.0,0,0.0,0.0,0.0,0.0,0.0,0.0,0.0,0.0,0.0,0.0,0.0,0.0,0.0
CTS - RightInferiorTemporal,2,0.08,0,0.0,0,0.0,0,0.0,0.0,0.0,0.0,0.0,0.0,0.0,7.371387846437117e-05,0.0009214234808046396,5.9330143540671634e-05,0.0007416267942583954,-1.6122479320447173e-05,-0.00020153099150558966
CV - RightIsthmusCingulate,2,0.08,0,0.0,0,0.0,0,0.0,0.0,0.0,0.0,0.0,0.0,0.0,-5.9263488540163935e-05,-0.0007407936067520492,-4.743850146693873e-05,-0.0005929812683367341,5.480761192205108e-06,6.850951490256385e-05
SA - RightIsthmusCingulate,0,0.0,0,0.0,0,0.0,0,0.0,0.0,0.0,0.0,0.0,0.0,0.0,0.0,0.0,0.0,0.0,0.0,0.0
SV - Csf,0,0.0,0,0.0,0,0.0,0,0.0,0.0,0.0,0.0,0.0,0.0,0.0,0.0,0.0,0.0,0.0,0.0,0.0
SV - RightChoroidPlexus,0,0.0,0,0.0,0,0.0,0,0.0,0.0,0.0,0.0,0.0,0.0,0.0,0.0,0.0,0.0,0.0,0.0,0.0
CV - RightCuneus,0,0.0,0,0.0,0,0.0,0,0.0,0.0,0.0,0.0,0.0,0.0,0.0,0.0,0.0,0.0,0.0,0.0,0.0
SA - RightCuneus,0,0.0,0,0.0,0,0.0,0,0.0,0.0,0.0,0.0,0.0,0.0,0.0,0.0,0.0,0.0,0.0,0.0,0.0
CTS - RightEntorhinal,1,0.04,0,0.0,0,0.0,0,0.0,0.0,0.0,0.0,0.0,0.0,0.0,0.0,0.0,0.0,0.0,0.0,0.0
CTS - RightFrontalPole,1,0.04,0,0.0,0,0.0,0,0.0,0.0,0.0,0.0,0.0,0.0,0.0,0.0,0.0,0.0,0.0,3.330534339714042e-06,8.326335849285105e-05
SA - RightFusiform,1,0.04,0,0.0,0,0.0,0,0.0,0.0,0.0,0.0,0.0,0.0,0.0,0.0,0.0,0.0,0.0,-4.7844926862682604e-05,-0.0011961231715670651
CT - RightFrontalPole,0,0.0,0,0.0,0,0.0,0,0.0,0.0,0.0,0.0,0.0,0.0,0.0,0.0,0.0,0.0,0.0,0.0,0.0
SA - RightRostralMiddleFrontal,0,0.0,0,0.0,0,0.0,0,0.0,0.0,0.0,0.0,0.0,0.0,0.0,0.0,0.0,0.0,0.0,0.0,0.0
SA - RightRostralAnteriorCingulate,0,0.0,0,0.0,0,0.0,0,0.0,0.0,0.0,0.0,0.0,0.0,0.0,0.0,0.0,0.0,0.0,0.0,0.0
SA - RightCaudalAnteriorCingulate,0,0.0,0,0.0,0,0.0,0,0.0,0.0,0.0,0.0,0.0,0.0,0.0,0.0,0.0,0.0,0.0,0.0,0.0
CV - RightRostralAnteriorCingulate,0,0.0,0,0.0,0,0.0,0,0.0,0.0,0.0,0.0,0.0,0.0,0.0,0.0,0.0,0.0,0.0,0.0,0.0
CV - RightLateralOrbitofrontal,0,0.0,0,0.0,0,0.0,0,0.0,0.0,0.0,0.0,0.0,0.0,0.0,0.0,0.0,0.0,0.0,0.0,0.0
CTS - RightPostcentral,2,0.08,0,0.0,0,0.0,0,0.0,0.0,0.0,0.0,0.0,0.0,0.0,-6.699153236225985e-05,-0.0008373941545282481,-5.308056872038121e-05,-0.0006635071090047651,-1.0923459009118995e-05,-0.00013654323761398744
SA - RightPosteriorCingulate,0,0.0,0,0.0,0,0.0,0,0.0,0.0,0.0,0.0,0.0,0.0,0.0,0.0,0.0,0.0,0.0,0.0,0.0
CTS - RightPosteriorCingulate,4,0.16,0,0.0,0,0.0,0,0.0,0.0,0.0,0.0,0.0,0.0,0.0,5.735212981781359e-05,0.00035845081136133496,4.549763033175296e-05,0.000284360189573456,6.588459337328354e-05,0.00041177870858302213
SA - RightLateralOccipital,0,0.0,0,0.0,0,0.0,0,0.0,0.0,0.0,0.0,0.0,0.0,0.0,0.0,0.0,0.0,0.0,0.0,0.0
SA - RightLateralOrbitofrontal,0,0.0,0,0.0,0,0.0,0,0.0,0.0,0.0,0.0,0.0,0.0,0.0,0.0,0.0,0.0,0.0,0.0,0.0
SA - RightInferiorTemporal,0,0.0,0,0.0,0,0.0,0,0.0,0.0,0.0,0.0,0.0,0.0,0.0,0.0,0.0,0.0,0.0,0.0,0.0
SA - RightParacentral,0,0.0,0,0.0,0,0.0,0,0.0,0.0,0.0,0.0,0.0,0.0,0.0,0.0,0.0,0.0,0.0,0.0,0.0
SA - RightHemisphereWM,0,0.0,0,0.0,25,1.0,25,1.0,0.0,0.0,0.0,0.0,0.0,0.0,0.0,0.0,0.0,0.0,0.0,0.0
SV - CorticalGM,0,0.0,0,0.0,25,1.0,25,1.0,0.0,0.0,0.0,0.0,0.0,0.0,0.0,0.0,0.0,0.0,0.0,0.0
SV - LeftCorticalWM,0,0.0,0,0.0,0,0.0,0,0.0,0.0,0.0,0.0,0.0,0.0,0.0,0.0,0.0,0.0,0.0,0.0,0.0
SV - RightCorticalWM,0,0.0,0,0.0,25,1.0,25,1.0,0.0,0.0,0.0,0.0,0.0,0.0,0.0,0.0,0.0,0.0,0.0,0.0
SV - CorticalWM,0,0.0,0,0.0,25,1.0,25,1.0,0.0,0.0,0.0,0.0,0.0,0.0,0.0,0.0,0.0,0.0,0.0,0.0
CTS - RightParahippocampal,1,0.04,0,0.0,0,0.0,0,0.0,0.0,0.0,0.0,0.0,0.0,0.0,0.0,0.0,0.0,0.0,-8.048153050201012e-06,-0.00020120382625502531
CV - RightParsOpercularis,0,0.0,0,0.0,0,0.0,0,0.0,0.0,0.0,0.0,0.0,0.0,0.0,0.0,0.0,0.0,0.0,0.0,0.0
SA - RightParsOpercularis,0,0.0,0,0.0,0,0.0,0,0.0,0.0,0.0,0.0,0.0,0.0,0.0,0.0,0.0,0.0,0.0,0.0,0.0
CT - RightParacentral,2,0.08,0,0.0,0,0.0,0,0.0,0.0,0.0,0.0,0.0,0.0,0.0,-7.192155491799967e-05,-0.0008990194364749959,-5.915698336750914e-05,-0.0007394622920938643,-0.0001247999483145576,-0.0015599993539319702
