fs_col,fs_description
ST101SV,SV - RightPallidum
ST102CV,CV - RightParacentral
ST102SA,SA - RightParacentral
ST102TA,CT - RightParacentral
ST102TS,CTS - RightParacentral
ST103CV,CV - RightParahippocampal
ST103SA,SA - RightParahippocampal
ST103TA,CT - RightParahippocampal
ST103TS,CTS - RightParahippocampal
ST104CV,CV - RightParsOpercularis
ST104SA,SA - RightParsOpercularis
ST104TA,CT - RightParsOpercularis
ST104TS,CTS - RightParsOpercularis
ST105CV,CV - RightParsOrbitalis
ST105SA,SA - RightParsOrbitalis
ST105TA,CT - RightParsOrbitalis
ST105TS,CTS - RightParsOrbitalis
ST106CV,CV - RightParsTriangularis
ST106SA,SA - RightParsTriangularis
ST106TA,CT - RightParsTriangularis
ST106TS,CTS - RightParsTriangularis
ST107CV,CV - RightPericalcarine
ST107SA,SA - RightPericalcarine
ST107TA,CT - RightPericalcarine
ST107TS,CTS - RightPericalcarine
ST108CV,CV - RightPostcentral
ST108SA,SA - RightPostcentral
ST108TA,CT - RightPostcentral
ST108TS,CTS - RightPostcentral
ST109CV,CV - RightPosteriorCingulate
ST109SA,SA - RightPosteriorCingulate
ST109TA,CT - RightPosteriorCingulate
ST109TS,CTS - RightPosteriorCingulate
ST10CV,CV - Icv
ST110CV,CV - RightPrecentral
ST110SA,SA - RightPrecentral
ST110TA,CT - RightPrecentral
ST110TS,CTS - RightPrecentral
ST111CV,CV - RightPrecuneus
ST111SA,SA - RightPrecuneus
ST111TA,CT - RightPrecuneus
ST111TS,CTS - RightPrecuneus
ST112SV,SV - RightPutamen
ST113CV,CV - RightRostralAnteriorCingulate
ST113SA,SA - RightRostralAnteriorCingulate
ST113TA,CT - RightRostralAnteriorCingulate
ST113TS,CTS - RightRostralAnteriorCingulate
ST114CV,CV - RightRostralMiddleFrontal
ST114SA,SA - RightRostralMiddleFrontal
ST114TA,CT - RightRostralMiddleFrontal
ST114TS,CTS - RightRostralMiddleFrontal
ST115CV,CV - RightSuperiorFrontal
ST115SA,SA - RightSuperiorFrontal
ST115TA,CT - RightSuperiorFrontal
ST115TS,CTS - RightSuperiorFrontal
ST116CV,CV - RightSuperiorParietal
ST116SA,SA - RightSuperiorParietal
ST116TA,CT - RightSuperiorParietal
ST116TS,CTS - RightSuperiorParietal
ST117CV,CV - RightSuperiorTemporal
ST117SA,SA - RightSuperiorTemporal
ST117TA,CT - RightSuperiorTemporal
ST117TS,CTS - RightSuperiorTemporal
ST118CV,CV - RightSupramarginal
ST118SA,SA - RightSupramarginal
ST118TA,CT - RightSupramarginal
ST118TS,CTS - RightSupramarginal
ST119CV,CV - RightTemporalPole
ST119SA,SA - RightTemporalPole
ST119TA,CT - RightTemporalPole
ST119TS,CTS - RightTemporalPole
ST11SV,SV - LeftAccumbensArea
ST120SV,SV - RightThalamus
ST121CV,CV - RightTransverseTemporal
ST121SA,SA - RightTransverseTemporal
ST121TA,CT - RightTransverseTemporal
ST121TS,CTS - RightTransverseTemporal
ST124SV,SV - RightVentralDC
ST125SV,SV - RightVessel
ST127SV,SV - ThirdVentricle
ST128SV,SV - WMHypoIntensities
ST129CV,CV - LeftInsula
ST129SA,SA - LeftInsula
ST129TA,CT - LeftInsula
ST129TS,CTS - LeftInsula
ST12SV,SV - LeftAmygdala
ST130CV,CV - RightInsula
ST130SA,SA - RightInsula
ST130TA,CT - RightInsula
ST130TS,CTS - RightInsula
ST13CV,CV - LeftBankssts
ST13SA,SA - LeftBankssts
ST13TA,CT - LeftBankssts
ST13TS,CTS - LeftBankssts
ST14CV,CV - LeftCaudalAnteriorCingulate
ST14SA,SA - LeftCaudalAnteriorCingulate
ST14TA,CT - LeftCaudalAnteriorCingulate
ST14TS,CTS - LeftCaudalAnteriorCingulate
ST15CV,CV - LeftCaudalMiddleFrontal
ST15SA,SA - LeftCaudalMiddleFrontal
ST15TA,CT - LeftCaudalMiddleFrontal
ST15TS,CTS - LeftCaudalMiddleFrontal
ST16SV,SV - LeftCaudate
ST17SV,SV - LeftCerebellumCortex
ST18SV,SV - LeftCerebellumWM
ST1SV,SV - Brainstem
ST21SV,SV - LeftChoroidPlexus
ST23CV,CV - LeftCuneus
ST23SA,SA - LeftCuneus
ST23TA,CT - LeftCuneus
ST23TS,CTS - LeftCuneus
ST24CV,CV - LeftEntorhinal
ST24SA,SA - LeftEntorhinal
ST24TA,CT - LeftEntorhinal
ST24TS,CTS - LeftEntorhinal
ST25CV,CV - LeftFrontalPole
ST25SA,SA - LeftFrontalPole
ST25TA,CT - LeftFrontalPole
ST25TS,CTS - LeftFrontalPole
ST26CV,CV - LeftFusiform
ST26SA,SA - LeftFusiform
ST26TA,CT - LeftFusiform
ST26TS,CTS - LeftFusiform
ST28SA,SA -  (aparc.stats) of LeftHemisphereWM
ST29SV,SV - LeftHippocampus
ST2SV,SV - CorpusCallosumAnterior
ST30SV,SV - LeftInferiorLateralVentricle
ST31CV,CV - LeftInferiorParietal
ST31SA,SA - LeftInferiorParietal
ST31TA,CT - LeftInferiorParietal
ST31TS,CTS - LeftInferiorParietal
ST32CV,CV - LeftInferiorTemporal
ST32SA,SA - LeftInferiorTemporal
ST32TA,CT - LeftInferiorTemporal
ST32TS,CTS - LeftInferiorTemporal
ST34CV,CV - LeftIsthmusCingulate
ST34SA,SA - LeftIsthmusCingulate
ST34TA,CT - LeftIsthmusCingulate
ST34TS,CTS - LeftIsthmusCingulate
ST35CV,CV - LeftLateralOccipital
ST35SA,SA - LeftLateralOccipital
ST35TA,CT - LeftLateralOccipital
ST35TS,CTS - LeftLateralOccipital
ST36CV,CV - LeftLateralOrbitofrontal
ST36SA,SA - LeftLateralOrbitofrontal
ST36TA,CT - LeftLateralOrbitofrontal
ST36TS,CTS - LeftLateralOrbitofrontal
ST37SV,SV - LeftLateralVentricle
ST38CV,CV - LeftLingual
ST38SA,SA - LeftLingual
ST38TA,CT - LeftLingual
ST38TS,CTS - LeftLingual
ST39CV,CV - LeftMedialOrbitofrontal
ST39SA,SA - LeftMedialOrbitofrontal
ST39TA,CT - LeftMedialOrbitofrontal
ST39TS,CTS - LeftMedialOrbitofrontal
ST3SV,SV - CorpusCallosumCentral
ST40CV,CV - LeftMiddleTemporal
ST40SA,SA - LeftMiddleTemporal
ST40TA,CT - LeftMiddleTemporal
ST40TS,CTS - LeftMiddleTemporal
ST42SV,SV - LeftPallidum
ST43CV,CV - LeftParacentral
ST43SA,SA - LeftParacentral
ST43TA,CT - LeftParacentral
ST43TS,CTS - LeftParacentral
ST44CV,CV - LeftParahippocampal
ST44SA,SA - LeftParahippocampal
ST44TA,CT - LeftParahippocampal
ST44TS,CTS - LeftParahippocampal
ST45CV,CV - LeftParsOpercularis
ST45SA,SA - LeftParsOpercularis
ST45TA,CT - LeftParsOpercularis
ST45TS,CTS - LeftParsOpercularis
ST46CV,CV - LeftParsOrbitalis
ST46SA,SA - LeftParsOrbitalis
ST46TA,CT - LeftParsOrbitalis
ST46TS,CTS - LeftParsOrbitalis
ST47CV,CV - LeftParsTriangularis
ST47SA,SA - LeftParsTriangularis
ST47TA,CT - LeftParsTriangularis
ST47TS,CTS - LeftParsTriangularis
ST48CV,CV - LeftPericalcarine
ST48SA,SA - LeftPericalcarine
ST48TA,CT - LeftPericalcarine
ST48TS,CTS - LeftPericalcarine
ST49CV,CV - LeftPostcentral
ST49SA,SA - LeftPostcentral
ST49TA,CT - LeftPostcentral
ST49TS,CTS - LeftPostcentral
ST4SV,SV - CorpusCallosumMidAnterior
ST50CV,CV - LeftPosteriorCingulate
ST50SA,SA - LeftPosteriorCingulate
ST50TA,CT - LeftPosteriorCingulate
ST50TS,CTS - LeftPosteriorCingulate
ST51CV,CV - LeftPrecentral
ST51SA,SA - LeftPrecentral
ST51TA,CT - LeftPrecentral
ST51TS,CTS - LeftPrecentral
ST52CV,CV - LeftPrecuneus
ST52SA,SA - LeftPrecuneus
ST52TA,CT - LeftPrecuneus
ST52TS,CTS - LeftPrecuneus
ST53SV,SV - LeftPutamen
ST54CV,CV - LeftRostralAnteriorCingulate
ST54SA,SA - LeftRostralAnteriorCingulate
ST54TA,CT - LeftRostralAnteriorCingulate
ST54TS,CTS - LeftRostralAnteriorCingulate
ST55CV,CV - LeftRostralMiddleFrontal
ST55SA,SA - LeftRostralMiddleFrontal
ST55TA,CT - LeftRostralMiddleFrontal
ST55TS,CTS - LeftRostralMiddleFrontal
ST56CV,CV - LeftSuperiorFrontal
ST56SA,SA - LeftSuperiorFrontal
ST56TA,CT - LeftSuperiorFrontal
ST56TS,CTS - LeftSuperiorFrontal
ST57CV,CV - LeftSuperiorParietal
ST57SA,SA - LeftSuperiorParietal
ST57TA,CT - LeftSuperiorParietal
ST57TS,CTS - LeftSuperiorParietal
ST58CV,CV - LeftSuperiorTemporal
ST58SA,SA - LeftSuperiorTemporal
ST58TA,CT - LeftSuperiorTemporal
ST58TS,CTS - LeftSuperiorTemporal
ST59CV,CV - LeftSupramarginal
ST59SA,SA - LeftSupramarginal
ST59TA,CT - LeftSupramarginal
ST59TS,CTS - LeftSupramarginal
ST5SV,SV - CorpusCallosumMidPosterior
ST60CV,CV - LeftTemporalPole
ST60SA,SA - LeftTemporalPole
ST60TA,CT - LeftTemporalPole
ST60TS,CTS - LeftTemporalPole
ST61SV,SV - LeftThalamus
ST62CV,CV - LeftTransverseTemporal
ST62SA,SA - LeftTransverseTemporal
ST62TA,CT - LeftTransverseTemporal
ST62TS,CTS - LeftTransverseTemporal
ST65SV,SV - LeftVentralDC
ST66SV,SV - LeftVessel
ST69SV,SV - OpticChiasm
ST6SV,SV - CorpusCallosumPosterior
ST70SV,SV - RightAccumbensArea
ST71SV,SV - RightAmygdala
ST72CV,CV - RightBankssts
ST72SA,SA - RightBankssts
ST72TA,CT - RightBankssts
ST72TS,CTS - RightBankssts
ST73CV,CV - RightCaudalAnteriorCingulate
ST73SA,SA - RightCaudalAnteriorCingulate
ST73TA,CT - RightCaudalAnteriorCingulate
ST73TS,CTS - RightCaudalAnteriorCingulate
ST74CV,CV - RightCaudalMiddleFrontal
ST74SA,SA - RightCaudalMiddleFrontal
ST74TA,CT - RightCaudalMiddleFrontal
ST74TS,CTS - RightCaudalMiddleFrontal
ST75SV,SV - RightCaudate
ST76SV,SV - RightCerebellumCortex
ST77SV,SV - RightCerebellumWM
ST7SV,SV - Csf
ST80SV,SV - RightChoroidPlexus
ST82CV,CV - RightCuneus
ST82SA,SA - RightCuneus
ST82TA,CT - RightCuneus
ST82TS,CTS - RightCuneus
ST83CV,CV - RightEntorhinal
ST83SA,SA - RightEntorhinal
ST83TA,CT - RightEntorhinal
ST83TS,CTS - RightEntorhinal
ST84CV,CV - RightFrontalPole
ST84SA,SA - RightFrontalPole
ST84TA,CT - RightFrontalPole
ST84TS,CTS - RightFrontalPole
ST85CV,CV - RightFusiform
ST85SA,SA - RightFusiform
ST85TA,CT - RightFusiform
ST85TS,CTS - RightFusiform
ST87SA,SA - RightHemisphereWM
ST88SV,SV - RightHippocampus
ST89SV,SV - RightInferiorLateralVentricle
ST90CV,CV - RightInferiorParietal
ST90SA,SA - RightInferiorParietal
ST90TA,CT - RightInferiorParietal
ST90TS,CTS - RightInferiorParietal
ST91CV,CV - RightInferiorTemporal
ST91SA,SA - RightInferiorTemporal
ST91TA,CT - RightInferiorTemporal
ST91TS,CTS - RightInferiorTemporal
ST93CV,CV - RightIsthmusCingulate
ST93SA,SA - RightIsthmusCingulate
ST93TA,CT - RightIsthmusCingulate
ST93TS,CTS - RightIsthmusCingulate
ST94CV,CV - RightLateralOccipital
ST94SA,SA - RightLateralOccipital
ST94TA,CT - RightLateralOccipital
ST94TS,CTS - RightLateralOccipital
ST95CV,CV - RightLateralOrbitofrontal
ST95SA,SA - RightLateralOrbitofrontal
ST95TA,CT - RightLateralOrbitofrontal
ST95TS,CTS - RightLateralOrbitofrontal
ST96SV,SV - RightLateralVentricle
ST97CV,CV - RightLingual
ST97SA,SA - RightLingual
ST97TA,CT - RightLingual
ST97TS,CTS - RightLingual
ST98CV,CV - RightMedialOrbitofrontal
ST98SA,SA - RightMedialOrbitofrontal
ST98TA,CT - RightMedialOrbitofrontal
ST98TS,CTS - RightMedialOrbitofrontal
ST99CV,CV - RightMiddleTemporal
ST99SA,SA - RightMiddleTemporal
ST99TA,CT - RightMiddleTemporal
ST99TS,CTS - RightMiddleTemporal
ST9SV,SV - FourthVentricle
ST147SV,SV - LeftCorticalGM
ST148SV,SV - RightCorticalGM
ST149SV,SV - CorticalGM
ST150SV,SV - LeftCorticalWM
ST151SV,SV - RightCorticalWM
ST152SV,SV - CorticalWM
ST153SV,SV - SubcorticalGM
ST154SV,SV - TotalGM
ST155SV,SV - SupraTentorial
